Price,AreaSqFt,Bedrooms,Bathrooms,AgeYears,LotSizeSqFt,GarageSpaces,Stories,Neighborhood,HouseStyle,HasPool,DistanceToCityKm,SchoolRating,Renovated
308700.0,2321.0,5,,31,2686.0,2,3,Industrial Quarter,Craftsman,0,7.7,7.0,0
273900.0,1963.0,4,3.0,4,2328.0,1,1,Elm Street,Townhouse,0,8.6,2.0,0
202400.0,1134.0,3,1.0,44,800.0,3,1,Maple Grove,Ranch,1,9.3,7.0,0
673000.0,2707.0,5,4.0,10,3482.0,2,1,Downtown Loft District,Craftsman,0,0.5,5.0,1
260300.0,1600.0,3,2.0,1,2882.0,2,1,Industrial Quarter,Ranch,0,3.6,5.0,0
428200.0,2161.0,4,3.0,3,,2,2,Maple Grove,Townhouse,0,0.3,6.0,1
162300.0,1047.0,1,1.0,29,1651.0,2,2,Industrial Quarter,Contemporary,1,1.7,4.0,0
177700.0,653.0,1,1.0,36,1751.0,2,3,Downtown Loft District,Craftsman,1,5.6,5.0,0
245200.0,1798.0,4,3.0,44,3405.0,2,1,Maple Grove,Ranch,0,0.3,,1
280200.0,1806.0,4,4.0,1,2347.0,1,2,Maple Grove,Contemporary,0,2.4,2.0,0
546900.0,2077.0,4,2.0,6,4277.0,3,3,Sunset Hills,Colonial,1,0.4,8.0,0
157600.0,711.0,2,1.0,2,1774.0,2,2,Elm Street,Townhouse,0,5.5,5.0,1
617600.0,2379.0,6,4.0,21,2822.0,3,3,Lakeview,Ranch,0,17.3,8.0,1
423100.0,1459.0,2,1.0,3,2179.0,2,1,Downtown Loft District,Craftsman,0,0.4,8.0,1
394800.0,2779.0,6,5.0,12,3964.0,2,2,Industrial Quarter,Ranch,0,3.3,6.0,0
224200.0,2065.0,4,3.0,46,3578.0,2,2,Elm Street,Ranch,0,4.0,5.0,0
373100.0,1808.0,2,,27,1619.0,2,2,Lakeview,Townhouse,0,0.9,6.0,0
542300.0,2511.0,4,4.0,37,4120.0,0,2,Lakeview,Colonial,0,25.3,4.0,1
397000.0,1698.0,4,3.0,28,1760.0,2,1,Lakeview,Craftsman,0,31.6,9.0,0
307400.0,1154.0,3,3.0,0,800.0,2,1,Sunset Hills,Ranch,0,2.9,7.0,0
257400.0,1443.0,2,2.0,14,2064.0,2,3,Maple Grove,Craftsman,0,13.6,9.0,0
352300.0,1483.0,3,2.0,19,1454.0,1,3,Sunset Hills,Ranch,0,9.4,10.0,1
291000.0,2286.0,4,3.0,4,2273.0,2,1,Industrial Quarter,Ranch,0,8.9,5.0,0
495000.0,2439.0,5,4.0,14,3893.0,1,1,Sunset Hills,Craftsman,0,6.8,10.0,0
253500.0,1952.0,3,2.0,1,1918.0,2,1,Industrial Quarter,Townhouse,0,18.7,8.0,0
203500.0,1721.0,3,2.0,4,2714.0,0,2,Industrial Quarter,Craftsman,0,12.0,3.0,0
394500.0,2417.0,5,4.0,11,3399.0,2,1,Oak Park,Ranch,0,22.7,6.0,0
534100.0,2041.0,3,2.0,11,3450.0,2,1,,Craftsman,0,2.4,9.0,1
243800.0,1444.0,2,2.0,11,2287.0,2,3,Elm Street,Colonial,0,3.1,5.0,0
428800.0,2036.0,5,3.0,49,2985.0,2,3,Maple Grove,Craftsman,0,8.5,5.0,1
131300.0,813.0,2,1.0,76,1020.0,0,2,Lakeview,Townhouse,0,13.8,6.0,0
310700.0,1363.0,3,1.0,27,3058.0,3,1,Riverside Heights,Townhouse,0,1.7,5.0,1
365200.0,1940.0,3,3.0,9,2803.0,2,2,Maple Grove,Colonial,0,0.4,5.0,0
361800.0,1281.0,3,3.0,18,800.0,1,3,Downtown Loft District,Craftsman,0,14.0,8.0,0
602600.0,2127.0,5,3.0,1,3316.0,1,2,Downtown Loft District,Colonial,0,5.7,6.0,0
556200.0,2557.0,6,5.0,1,1829.0,1,1,Lakeview,Craftsman,0,2.4,3.0,0
204300.0,1341.0,3,2.0,20,1503.0,1,2,Industrial Quarter,Ranch,0,3.3,7.0,0
228900.0,1423.0,2,2.0,18,2841.0,1,2,Elm Street,Colonial,0,7.7,6.0,1
259700.0,1453.0,2,1.0,39,3334.0,3,1,Sunset Hills,Contemporary,0,9.0,4.0,0
535500.0,2221.0,4,4.0,8,3988.0,1,2,Lakeview,Colonial,1,0.7,,0
229500.0,1427.0,3,2.0,43,1224.0,0,1,Elm Street,Townhouse,0,0.3,8.0,0
318200.0,2185.0,4,3.0,12,4165.0,3,1,Industrial Quarter,Contemporary,0,1.2,6.0,0
526200.0,2247.0,4,4.0,1,3069.0,1,1,Lakeview,Townhouse,0,12.4,10.0,0
311100.0,1889.0,2,1.0,29,2397.0,2,2,Oak Park,Contemporary,0,8.3,7.0,0
522000.0,2777.0,3,2.0,40,4585.0,2,1,Riverside Heights,Contemporary,0,18.8,7.0,0
349100.0,1464.0,4,2.0,6,1357.0,3,2,Lakeview,Townhouse,0,8.4,6.0,0
289400.0,1191.0,3,3.0,25,2959.0,1,1,Lakeview,Colonial,0,14.7,6.0,0
216800.0,994.0,2,1.0,22,2794.0,1,1,Lakeview,Craftsman,0,11.4,7.0,0
523600.0,2588.0,5,3.0,2,2480.0,1,1,Sunset Hills,Craftsman,0,0.3,5.0,0
434700.0,2663.0,4,3.0,1,5372.0,3,2,Industrial Quarter,Contemporary,0,0.9,8.0,1
431700.0,2485.0,6,4.0,25,2590.0,2,1,Oak Park,Ranch,0,6.6,6.0,1
446800.0,1623.0,3,3.0,0,4965.0,2,1,Lakeview,Colonial,1,0.3,8.0,0
481200.0,1957.0,4,3.0,33,2757.0,2,2,Riverside Heights,Colonial,0,9.1,9.0,0
592800.0,1688.0,3,2.0,5,2393.0,2,2,Downtown Loft District,Contemporary,1,0.3,9.0,0
305300.0,1300.0,2,2.0,60,2144.0,3,2,Riverside Heights,Ranch,0,19.8,9.0,0
365300.0,2580.0,5,4.0,13,3720.0,3,1,Maple Grove,Contemporary,0,13.2,7.0,0
637300.0,3137.0,6,5.0,28,3914.0,1,1,Lakeview,Colonial,0,1.0,8.0,1
174600.0,730.0,2,2.0,2,962.0,3,2,Maple Grove,Contemporary,0,9.0,5.0,0
323700.0,2080.0,4,3.0,35,,1,2,Oak Park,Contemporary,0,11.3,5.0,0
279200.0,1073.0,2,2.0,16,1234.0,3,2,Downtown Loft District,Contemporary,0,31.4,5.0,0
326300.0,1077.0,1,1.0,27,2805.0,2,2,Downtown Loft District,Townhouse,1,4.2,6.0,1
398800.0,1685.0,3,3.0,70,3580.0,2,2,Riverside Heights,Contemporary,0,1.8,,0
643900.0,2741.0,6,3.0,4,4212.0,3,2,Riverside Heights,Craftsman,0,1.7,10.0,0
295800.0,2077.0,2,1.0,23,3133.0,2,3,Elm Street,Contemporary,0,6.9,7.0,1
652600.0,2723.0,6,4.0,3,4451.0,1,2,Sunset Hills,Colonial,1,7.1,8.0,0
166600.0,1135.0,1,1.0,28,1857.0,3,1,Industrial Quarter,Contemporary,0,0.3,7.0,1
352400.0,1570.0,3,2.0,3,2308.0,2,2,Maple Grove,Craftsman,0,1.2,9.0,0
191100.0,1247.0,3,2.0,22,3108.0,2,2,Industrial Quarter,Ranch,0,7.9,5.0,1
375700.0,2674.0,6,5.0,7,3551.0,2,2,Industrial Quarter,Colonial,0,9.7,9.0,0
486200.0,2316.0,4,3.0,2,4940.0,1,2,Oak Park,Contemporary,1,7.6,4.0,0
313500.0,1804.0,2,1.0,43,2310.0,1,2,Sunset Hills,Colonial,0,18.7,3.0,1
486900.0,2520.0,5,3.0,8,3729.0,1,2,Oak Park,Contemporary,0,7.3,8.0,0
276800.0,1459.0,2,1.0,7,2944.0,1,2,Elm Street,Craftsman,0,1.4,9.0,0
292000.0,1677.0,3,3.0,24,3981.0,3,1,Industrial Quarter,Colonial,1,0.5,6.0,1
201000.0,1422.0,2,2.0,15,1052.0,2,2,Elm Street,Colonial,0,12.2,7.0,0
204700.0,721.0,2,1.0,1,800.0,1,1,Downtown Loft District,Townhouse,0,4.8,9.0,0
325400.0,2744.0,5,4.0,42,4744.0,2,2,Industrial Quarter,Colonial,0,15.1,8.0,0
207500.0,1118.0,2,2.0,10,800.0,0,2,Oak Park,Craftsman,0,3.6,5.0,0
560300.0,2849.0,4,3.0,15,3757.0,1,2,Oak Park,Ranch,1,5.6,7.0,0
394500.0,1831.0,4,3.0,74,2322.0,1,1,Riverside Heights,Ranch,0,2.2,4.0,1
240800.0,1622.0,2,1.0,12,800.0,2,2,Elm Street,Craftsman,0,4.4,4.0,0
314700.0,1438.0,1,1.0,10,1549.0,1,1,Sunset Hills,Ranch,0,2.2,8.0,0
306600.0,1159.0,2,3.0,44,1579.0,2,2,Riverside Heights,Craftsman,0,7.6,6.0,0
376300.0,2004.0,3,2.0,9,3062.0,2,1,Oak Park,Colonial,0,22.6,9.0,1
149200.0,500.0,2,1.0,4,800.0,2,2,Oak Park,Colonial,0,0.5,6.0,1
694600.0,3065.0,5,4.0,13,3857.0,2,2,Sunset Hills,Contemporary,0,0.5,6.0,1
395400.0,1695.0,3,2.0,5,2225.0,3,2,Oak Park,Colonial,1,5.1,7.0,1
204000.0,987.0,2,2.0,24,1109.0,2,2,Elm Street,Colonial,0,0.5,7.0,0
635200.0,2793.0,4,3.0,25,4207.0,2,1,Riverside Heights,Contemporary,0,2.0,6.0,0
175400.0,962.0,1,1.0,4,800.0,3,2,Elm Street,Craftsman,0,1.5,5.0,0
272400.0,1401.0,2,1.0,5,1648.0,1,2,Oak Park,Craftsman,0,1.6,6.0,0
506100.0,2419.0,5,3.0,5,3458.0,1,2,Sunset Hills,Craftsman,0,6.2,5.0,1
206900.0,1280.0,3,2.0,61,1460.0,2,1,Maple Grove,Craftsman,0,8.0,2.0,1
390100.0,1687.0,4,3.0,0,829.0,0,2,Oak Park,Colonial,0,2.3,5.0,1
183800.0,1192.0,2,2.0,42,1983.0,1,3,Industrial Quarter,Craftsman,0,2.8,8.0,1
222200.0,1441.0,3,3.0,21,2234.0,0,1,Maple Grove,Townhouse,0,1.2,5.0,0
267600.0,1339.0,3,3.0,21,2192.0,0,1,Oak Park,Contemporary,0,21.6,7.0,0
676600.0,3084.0,6,6.0,1,4164.0,3,2,Riverside Heights,Townhouse,0,8.9,6.0,0
391200.0,2327.0,4,2.0,10,2585.0,0,2,Maple Grove,Colonial,0,3.5,8.0,1
571100.0,2158.0,4,2.0,3,2884.0,2,1,Riverside Heights,Craftsman,1,3.5,8.0,1
412600.0,2907.0,6,5.0,18,4640.0,2,1,Industrial Quarter,Townhouse,0,6.4,7.0,0
272900.0,996.0,1,1.0,27,1064.0,2,2,Downtown Loft District,Craftsman,0,6.0,6.0,0
409800.0,2558.0,6,5.0,12,2465.0,2,1,Maple Grove,Contemporary,0,9.7,6.0,0
312200.0,2199.0,4,2.0,16,1482.0,1,1,Elm Street,Colonial,0,9.4,6.0,0
245300.0,986.0,3,2.0,1,800.0,3,1,Sunset Hills,Colonial,0,9.2,4.0,0
467900.0,2940.0,5,4.0,28,3675.0,2,2,Industrial Quarter,Townhouse,0,3.1,6.0,0
283000.0,1831.0,3,2.0,39,3181.0,0,1,Oak Park,Contemporary,0,9.6,6.0,0
246200.0,1109.0,2,2.0,22,2332.0,2,2,Maple Grove,Contemporary,0,5.0,8.0,0
211300.0,1175.0,1,1.0,12,1075.0,2,3,Elm Street,Ranch,0,3.0,8.0,0
360400.0,1713.0,5,3.0,8,2261.0,2,2,Oak Park,Craftsman,0,15.4,8.0,0
296400.0,1741.0,3,2.0,9,3263.0,1,3,Elm Street,Ranch,1,11.5,6.0,0
386400.0,2246.0,4,4.0,24,3830.0,1,2,Maple Grove,Townhouse,0,0.6,8.0,0
356400.0,1650.0,3,2.0,5,2851.0,3,1,Lakeview,Contemporary,0,2.3,3.0,1
585900.0,3094.0,6,5.0,5,4482.0,2,3,Sunset Hills,Ranch,0,1.2,5.0,0
412100.0,2526.0,6,5.0,3,4068.0,3,2,Elm Street,Townhouse,0,6.4,9.0,1
361800.0,2609.0,5,4.0,0,,0,2,Industrial Quarter,Colonial,0,2.1,8.0,0
426900.0,1464.0,1,1.0,60,2704.0,3,1,Downtown Loft District,Townhouse,0,1.5,10.0,0
247500.0,1323.0,3,2.0,22,2371.0,1,2,Elm Street,Craftsman,0,8.3,8.0,0
323700.0,1871.0,3,1.0,43,2562.0,2,3,Oak Park,Ranch,0,0.3,5.0,1
184500.0,1308.0,3,2.0,10,1415.0,2,3,Elm Street,Colonial,0,29.7,5.0,0
372500.0,2158.0,4,3.0,33,3416.0,2,1,Maple Grove,Ranch,0,6.7,5.0,1
590400.0,3145.0,5,4.0,70,4546.0,1,1,Sunset Hills,Contemporary,0,0.3,8.0,0
358400.0,2483.0,6,4.0,12,2975.0,1,2,Maple Grove,Ranch,0,19.6,6.0,0
425500.0,1743.0,4,3.0,0,1911.0,1,1,Lakeview,Contemporary,1,8.2,,1
634300.0,2616.0,7,5.0,0,2949.0,2,1,Sunset Hills,Ranch,0,2.0,6.0,0
243400.0,1511.0,3,2.0,37,1530.0,1,1,Maple Grove,Townhouse,0,4.4,7.0,0
159000.0,1036.0,1,1.0,35,2331.0,2,2,Elm Street,Colonial,1,7.4,4.0,0
262800.0,1933.0,3,2.0,35,2291.0,2,3,Maple Grove,Ranch,0,5.9,6.0,0
367900.0,1968.0,3,3.0,6,3396.0,3,2,Oak Park,Townhouse,0,22.5,7.0,0
557200.0,2197.0,4,3.0,13,3822.0,2,1,Riverside Heights,Ranch,1,0.5,,0
261700.0,1102.0,3,2.0,20,1652.0,3,2,Lakeview,Contemporary,0,4.6,5.0,0
296000.0,1220.0,1,1.0,11,800.0,0,1,Downtown Loft District,Colonial,0,6.3,9.0,1
488300.0,2278.0,4,2.0,16,2612.0,2,1,Riverside Heights,Colonial,0,2.5,4.0,0
167400.0,862.0,1,1.0,26,800.0,1,1,Oak Park,Ranch,0,1.7,7.0,1
403000.0,1791.0,4,3.0,20,3347.0,2,2,Oak Park,Ranch,0,0.3,7.0,0
420200.0,2205.0,4,3.0,11,4000.0,1,1,Oak Park,Colonial,1,4.9,6.0,0
142400.0,718.0,1,1.0,11,800.0,2,1,Elm Street,Townhouse,0,12.7,7.0,1
369700.0,2248.0,4,3.0,41,2918.0,1,1,Maple Grove,Craftsman,0,3.2,6.0,0
671400.0,3189.0,6,5.0,28,4332.0,0,2,Sunset Hills,Craftsman,0,16.6,7.0,0
531400.0,2662.0,4,3.0,38,4429.0,1,3,Lakeview,Colonial,0,1.9,6.0,1
512600.0,2373.0,4,3.0,28,3712.0,2,1,Riverside Heights,Craftsman,0,11.0,6.0,0
118000.0,500.0,1,1.0,3,800.0,3,2,Industrial Quarter,Colonial,0,7.7,5.0,0
285600.0,1787.0,2,1.0,21,2191.0,2,1,Maple Grove,Ranch,0,4.9,9.0,0
498500.0,2034.0,4,3.0,37,3394.0,2,2,Sunset Hills,Ranch,0,9.6,7.0,1
394700.0,1747.0,3,2.0,27,3024.0,2,1,Oak Park,Townhouse,0,2.6,8.0,0
345400.0,2503.0,4,2.0,19,2905.0,2,1,Industrial Quarter,Townhouse,1,0.5,7.0,0
420900.0,1837.0,4,3.0,4,2698.0,2,2,Lakeview,Townhouse,0,7.4,6.0,0
407400.0,2879.0,5,3.0,25,3580.0,3,1,Elm Street,Ranch,0,24.9,9.0,0
307900.0,1741.0,3,2.0,26,2669.0,1,1,Sunset Hills,Craftsman,0,10.3,7.0,0
143800.0,500.0,1,1.0,3,1014.0,2,2,Maple Grove,Ranch,0,11.3,9.0,1
439000.0,2235.0,4,3.0,13,2817.0,0,2,Oak Park,Townhouse,0,0.9,6.0,1
495500.0,2635.0,6,4.0,29,3972.0,2,2,Oak Park,Craftsman,0,12.3,9.0,1
428000.0,,5,4.0,25,2496.0,3,2,Maple Grove,Contemporary,0,5.1,4.0,0
651000.0,2642.0,4,3.0,3,5133.0,2,2,Riverside Heights,Colonial,0,3.3,3.0,0
269800.0,1157.0,2,1.0,61,800.0,1,1,Riverside Heights,Contemporary,0,0.9,7.0,1
521300.0,2489.0,6,4.0,68,3371.0,3,2,Sunset Hills,Colonial,0,10.1,7.0,0
416000.0,2310.0,3,3.0,76,4210.0,2,2,Downtown Loft District,Craftsman,0,13.6,7.0,0
332900.0,1648.0,3,2.0,3,800.0,1,2,Lakeview,Ranch,0,21.6,5.0,0
219200.0,1037.0,1,1.0,7,992.0,1,1,Oak Park,Townhouse,0,9.6,7.0,0
617000.0,2616.0,4,3.0,0,2984.0,2,2,Sunset Hills,Townhouse,0,3.2,8.0,0
306700.0,2515.0,5,4.0,67,3436.0,2,2,Industrial Quarter,Ranch,0,30.4,5.0,0
359100.0,1797.0,3,3.0,39,2118.0,0,1,Sunset Hills,Ranch,0,5.9,9.0,0
804100.0,3068.0,5,4.0,12,5173.0,1,1,Downtown Loft District,Craftsman,1,6.7,5.0,1
359100.0,2076.0,3,3.0,18,4532.0,2,1,Oak Park,Craftsman,0,5.6,7.0,0
570700.0,2083.0,4,3.0,8,2850.0,1,2,Riverside Heights,Colonial,0,9.9,4.0,0
391800.0,2868.0,4,2.0,35,3809.0,2,1,Elm Street,Craftsman,0,24.3,5.0,1
325400.0,1288.0,2,2.0,9,1507.0,0,2,Downtown Loft District,Ranch,0,4.1,4.0,0
369300.0,2120.0,4,2.0,0,3250.0,2,2,Elm Street,Ranch,0,3.6,7.0,0
556700.0,2197.0,3,3.0,3,2684.0,3,3,Riverside Heights,Ranch,1,4.6,7.0,0
540000.0,2858.0,6,5.0,69,2805.0,1,1,Oak Park,Craftsman,0,5.5,7.0,0
268400.0,1262.0,3,2.0,5,800.0,2,2,Maple Grove,Contemporary,1,2.4,6.0,0
409300.0,2379.0,4,3.0,29,2536.0,3,2,Maple Grove,Contemporary,0,14.1,8.0,0
343200.0,2613.0,5,4.0,36,3744.0,1,2,Industrial Quarter,Contemporary,0,12.2,6.0,1
328800.0,1654.0,2,1.0,21,2114.0,0,2,Downtown Loft District,Colonial,0,0.3,9.0,1
305600.0,1355.0,2,2.0,3,2776.0,3,1,Elm Street,Ranch,1,0.5,7.0,0
371600.0,1932.0,2,2.0,44,3414.0,2,1,Lakeview,Townhouse,0,11.4,3.0,0
465900.0,2142.0,4,2.0,2,4450.0,1,2,Sunset Hills,Contemporary,1,2.7,9.0,0
283600.0,2109.0,5,4.0,36,1452.0,2,2,,Colonial,0,20.7,8.0,0
185100.0,691.0,1,2.0,9,,2,2,Oak Park,Townhouse,0,1.1,6.0,0
372200.0,1988.0,4,4.0,5,4751.0,2,1,Elm Street,Craftsman,0,2.6,10.0,0
589400.0,2556.0,5,4.0,67,3305.0,1,2,Lakeview,Townhouse,1,4.3,7.0,1
293100.0,1504.0,3,2.0,44,1218.0,2,1,Sunset Hills,Colonial,0,4.4,6.0,0
210900.0,1529.0,3,2.0,37,2877.0,1,2,Industrial Quarter,Contemporary,0,1.0,7.0,0
414300.0,2751.0,5,4.0,13,3923.0,1,1,Elm Street,Townhouse,0,7.0,6.0,0
347700.0,1528.0,3,2.0,32,2772.0,1,1,Lakeview,Townhouse,0,7.6,,0
333700.0,1983.0,3,2.0,4,3156.0,1,2,Elm Street,Colonial,0,4.6,3.0,0
199500.0,1007.0,2,2.0,87,800.0,2,1,Sunset Hills,Townhouse,1,3.8,8.0,0
527400.0,2211.0,4,4.0,18,3576.0,2,2,Sunset Hills,Colonial,0,3.5,4.0,0
330400.0,2162.0,4,3.0,21,4032.0,2,1,Industrial Quarter,Craftsman,0,5.5,6.0,0
390300.0,2007.0,4,3.0,10,,1,1,Maple Grove,Craftsman,0,1.0,7.0,0
393000.0,2207.0,5,4.0,9,2757.0,2,1,Maple Grove,Contemporary,1,22.6,8.0,0
350500.0,1897.0,4,3.0,19,2290.0,1,1,Sunset Hills,Townhouse,0,18.5,5.0,0
247800.0,1014.0,2,1.0,12,800.0,1,1,Downtown Loft District,Colonial,0,12.8,7.0,0
157000.0,509.0,1,1.0,10,1956.0,1,2,Downtown Loft District,Craftsman,0,20.4,9.0,0
195200.0,1324.0,1,1.0,12,2227.0,0,1,Industrial Quarter,Townhouse,0,6.5,9.0,0
264600.0,1801.0,3,1.0,48,2602.0,0,2,Maple Grove,Colonial,0,2.7,7.0,0
353700.0,1472.0,3,3.0,34,1470.0,2,1,Riverside Heights,Colonial,0,0.3,5.0,0
182100.0,1127.0,3,2.0,4,1867.0,2,2,Industrial Quarter,Colonial,0,4.4,5.0,1
490700.0,2084.0,4,3.0,64,2950.0,1,1,Riverside Heights,Colonial,0,6.6,8.0,1
151400.0,1295.0,1,1.0,5,1146.0,3,2,Industrial Quarter,Craftsman,1,45.0,4.0,0
494500.0,2055.0,4,3.0,38,3512.0,2,2,Downtown Loft District,Colonial,0,10.9,5.0,0
316000.0,1588.0,3,3.0,12,865.0,2,1,Oak Park,Townhouse,1,13.0,5.0,0
363600.0,1572.0,3,2.0,27,1799.0,0,2,Riverside Heights,Townhouse,1,9.1,5.0,0
522000.0,1974.0,5,4.0,8,4015.0,2,2,Oak Park,Colonial,1,4.7,6.0,0
374300.0,2291.0,4,2.0,6,3480.0,3,1,Elm Street,Townhouse,1,2.7,8.0,0
449100.0,1574.0,3,2.0,28,2569.0,2,2,Downtown Loft District,Craftsman,1,4.4,7.0,0
364800.0,1988.0,2,1.0,0,,2,1,Maple Grove,Ranch,0,3.0,,0
224400.0,1470.0,3,2.0,25,2901.0,0,2,Industrial Quarter,Colonial,0,4.9,8.0,0
622100.0,2647.0,5,4.0,2,4495.0,2,1,Sunset Hills,Townhouse,1,7.8,8.0,0
199600.0,840.0,1,1.0,8,800.0,1,1,Sunset Hills,Colonial,1,20.1,8.0,0
180700.0,1286.0,2,2.0,16,905.0,1,1,Industrial Quarter,Townhouse,0,19.8,7.0,0
301500.0,,2,2.0,3,2551.0,3,2,Elm Street,Townhouse,0,4.5,9.0,0
192800.0,680.0,1,1.0,0,800.0,1,2,Sunset Hills,Craftsman,0,0.7,8.0,0
168300.0,1079.0,1,1.0,1,1030.0,1,2,Industrial Quarter,Craftsman,0,4.0,8.0,0
256200.0,951.0,2,1.0,48,1045.0,2,1,Riverside Heights,Craftsman,1,2.7,8.0,0
386300.0,2370.0,6,4.0,3,5024.0,1,2,Maple Grove,Colonial,0,8.6,5.0,0
327600.0,1516.0,3,2.0,27,2847.0,1,2,Lakeview,Contemporary,0,9.2,6.0,0
439200.0,1740.0,4,2.0,29,2704.0,2,3,Riverside Heights,Ranch,0,0.3,8.0,1
414400.0,2501.0,5,4.0,16,3699.0,1,1,Maple Grove,Townhouse,0,1.4,2.0,0
715400.0,3053.0,6,4.0,14,3883.0,1,2,Riverside Heights,Townhouse,0,0.7,7.0,0
423800.0,1811.0,3,2.0,25,3592.0,3,3,Sunset Hills,Contemporary,0,8.4,7.0,0
469600.0,2774.0,5,4.0,32,4034.0,2,2,Oak Park,Craftsman,0,6.7,9.0,0
626200.0,2589.0,5,4.0,7,3418.0,3,3,Downtown Loft District,Contemporary,0,2.3,6.0,0
419300.0,1532.0,3,1.0,26,1391.0,0,1,Downtown Loft District,Townhouse,1,1.0,6.0,1
202600.0,859.0,2,1.0,19,800.0,1,1,Oak Park,Contemporary,1,11.9,8.0,1
442800.0,2258.0,4,2.0,104,4640.0,0,2,Riverside Heights,Colonial,0,0.7,8.0,1
478800.0,1721.0,3,2.0,3,2594.0,3,2,Riverside Heights,Craftsman,0,3.7,8.0,0
276200.0,,4,4.0,26,3571.0,0,1,Elm Street,Townhouse,0,19.8,9.0,0
181600.0,877.0,2,1.0,7,800.0,1,2,Lakeview,Ranch,0,13.4,,0
221500.0,1280.0,4,3.0,14,1675.0,1,1,Industrial Quarter,Craftsman,0,4.0,6.0,1
256000.0,1267.0,2,2.0,21,2207.0,3,1,Oak Park,Ranch,0,13.3,9.0,0
225300.0,1523.0,2,1.0,8,800.0,1,1,Industrial Quarter,Colonial,0,2.4,,0
614000.0,2741.0,5,3.0,0,3412.0,2,2,Lakeview,Ranch,0,20.4,4.0,0
295600.0,1701.0,3,2.0,17,1614.0,3,2,Maple Grove,Colonial,0,3.5,4.0,1
584100.0,2344.0,5,4.0,3,3057.0,2,1,Riverside Heights,Colonial,0,4.5,6.0,1
676200.0,3841.0,7,5.0,8,4373.0,2,2,Maple Grove,Contemporary,1,5.7,10.0,0
475600.0,1928.0,3,2.0,8,3088.0,2,1,Downtown Loft District,Craftsman,0,3.8,7.0,1
316000.0,1332.0,2,2.0,3,1255.0,1,1,Sunset Hills,Colonial,1,1.6,6.0,0
555300.0,,5,4.0,2,4805.0,2,1,Lakeview,Contemporary,0,11.1,5.0,1
363900.0,2268.0,5,4.0,27,2884.0,1,1,Industrial Quarter,Colonial,0,5.0,5.0,1
339500.0,1561.0,4,3.0,86,1758.0,2,2,Lakeview,Townhouse,0,1.7,9.0,0
191900.0,1541.0,3,2.0,27,1506.0,1,2,Industrial Quarter,Ranch,0,18.6,10.0,0
337100.0,2031.0,2,2.0,40,2491.0,1,2,Maple Grove,Ranch,0,4.3,5.0,0
338700.0,2307.0,3,3.0,3,2351.0,3,3,Elm Street,Craftsman,0,2.6,6.0,1
518100.0,1937.0,3,2.0,14,2266.0,2,1,Downtown Loft District,Townhouse,1,7.2,9.0,0
388200.0,1895.0,3,2.0,23,2669.0,1,1,Oak Park,Colonial,0,2.1,9.0,0
614300.0,2741.0,5,4.0,6,2726.0,1,1,Sunset Hills,Contemporary,0,5.3,6.0,0
362900.0,2278.0,5,3.0,19,3288.0,1,1,Oak Park,Ranch,0,22.6,7.0,0
312600.0,1474.0,3,2.0,3,800.0,3,1,Riverside Heights,Colonial,0,16.9,3.0,0
445100.0,2349.0,4,3.0,12,3894.0,0,2,Oak Park,Townhouse,0,12.9,6.0,0
395900.0,1451.0,3,3.0,5,1824.0,0,1,Lakeview,Ranch,0,2.3,10.0,0
533500.0,2513.0,4,3.0,28,3741.0,1,3,Sunset Hills,Townhouse,0,3.3,9.0,0
507700.0,1968.0,3,2.0,20,2061.0,2,2,Downtown Loft District,Craftsman,0,2.0,8.0,0
309100.0,1828.0,3,2.0,1,2917.0,2,2,Elm Street,Craftsman,0,5.8,7.0,0
341100.0,2634.0,5,4.0,13,2277.0,2,1,Industrial Quarter,Townhouse,0,15.3,6.0,0
193400.0,1079.0,2,2.0,31,800.0,3,1,Oak Park,Ranch,0,5.4,6.0,0
459600.0,2509.0,5,4.0,11,1915.0,2,1,Oak Park,Townhouse,0,1.4,6.0,0
273100.0,1660.0,4,3.0,6,2290.0,2,2,Elm Street,Townhouse,0,8.1,5.0,0
200300.0,1090.0,2,2.0,0,983.0,2,2,Industrial Quarter,Colonial,0,1.3,7.0,0
307500.0,1429.0,2,2.0,15,2130.0,2,1,Oak Park,Townhouse,0,0.4,8.0,0
416200.0,1974.0,3,2.0,2,3293.0,2,2,Lakeview,Contemporary,0,13.7,10.0,0
497000.0,1942.0,3,2.0,35,1842.0,3,1,Riverside Heights,Townhouse,1,0.3,5.0,1
493400.0,2080.0,5,3.0,15,3694.0,3,2,Lakeview,Colonial,1,0.4,7.0,0
418500.0,1794.0,4,3.0,19,2096.0,3,2,Sunset Hills,Townhouse,0,7.0,4.0,0
295700.0,1773.0,3,2.0,105,2164.0,1,3,Sunset Hills,Colonial,1,14.2,8.0,0
418000.0,2384.0,6,5.0,28,3159.0,2,1,Maple Grove,Townhouse,0,8.8,7.0,0
664600.0,3422.0,6,6.0,8,5651.0,0,2,Maple Grove,Craftsman,1,2.5,4.0,0
604500.0,2823.0,5,3.0,22,2555.0,2,2,Riverside Heights,Contemporary,0,4.0,9.0,0
240200.0,1327.0,3,2.0,13,2102.0,3,1,Maple Grove,Colonial,0,13.6,7.0,0
120800.0,500.0,2,2.0,11,800.0,1,2,Industrial Quarter,Contemporary,1,0.3,5.0,0
374700.0,2126.0,4,3.0,3,4542.0,2,1,Industrial Quarter,Contemporary,1,0.9,6.0,0
324900.0,1411.0,3,2.0,15,1795.0,2,2,Downtown Loft District,Ranch,0,26.2,2.0,0
843300.0,3326.0,6,4.0,13,5171.0,2,2,Riverside Heights,Colonial,0,3.1,5.0,0
386400.0,2228.0,4,2.0,9,2378.0,0,2,Maple Grove,Townhouse,0,2.1,8.0,1
419500.0,2225.0,4,3.0,2,3328.0,2,2,Maple Grove,Townhouse,0,11.5,7.0,1
610200.0,2869.0,4,4.0,0,3479.0,2,3,Oak Park,Colonial,1,16.4,7.0,0
447900.0,2772.0,5,4.0,31,2506.0,1,1,Oak Park,Ranch,0,16.0,4.0,0
496300.0,2118.0,5,4.0,11,2978.0,0,2,Riverside Heights,Contemporary,0,9.1,6.0,0
329400.0,1484.0,3,2.0,10,800.0,2,2,Riverside Heights,Townhouse,0,3.0,5.0,0
283900.0,1959.0,3,2.0,13,3783.0,0,1,Elm Street,Ranch,0,16.6,7.0,0
326700.0,2408.0,5,4.0,60,3848.0,2,2,Elm Street,Contemporary,0,6.5,3.0,0
308600.0,2136.0,3,3.0,12,2379.0,2,1,Elm Street,Colonial,0,4.5,6.0,0
245900.0,1604.0,3,2.0,21,1970.0,0,2,Industrial Quarter,Townhouse,0,3.9,8.0,0
303700.0,2173.0,4,3.0,4,3484.0,1,3,Maple Grove,Contemporary,0,15.2,3.0,0
432100.0,2032.0,3,2.0,21,3936.0,1,1,Lakeview,Craftsman,0,6.0,4.0,0
297500.0,1037.0,3,1.0,6,1637.0,2,1,Riverside Heights,Townhouse,0,11.7,10.0,1
371200.0,2522.0,4,3.0,37,2760.0,2,2,Elm Street,Colonial,0,5.2,5.0,0
228800.0,1056.0,1,,0,800.0,1,2,Sunset Hills,Ranch,0,10.5,7.0,0
388900.0,1886.0,4,4.0,5,2390.0,1,2,Oak Park,Colonial,0,27.9,7.0,1
115500.0,635.0,1,1.0,39,800.0,0,2,Riverside Heights,Contemporary,0,8.8,6.0,0
249900.0,1423.0,2,1.0,44,2043.0,1,1,Oak Park,Townhouse,0,0.3,6.0,0
335200.0,2113.0,3,2.0,0,2442.0,2,1,Industrial Quarter,Craftsman,0,3.0,10.0,1
148400.0,526.0,1,1.0,15,1738.0,3,1,Industrial Quarter,Colonial,1,5.1,8.0,0
331200.0,1278.0,4,3.0,8,2214.0,3,1,Oak Park,Townhouse,1,0.4,5.0,0
284400.0,1888.0,2,2.0,7,4182.0,0,2,Industrial Quarter,Townhouse,1,0.4,8.0,0
218700.0,1224.0,2,1.0,2,1073.0,2,2,Industrial Quarter,Craftsman,0,1.1,8.0,1
272200.0,1527.0,3,2.0,8,1238.0,2,1,Maple Grove,Craftsman,0,5.7,5.0,0
279400.0,1022.0,1,1.0,1,800.0,1,1,Sunset Hills,Contemporary,1,6.4,9.0,0
495700.0,1899.0,3,3.0,25,3740.0,1,3,Riverside Heights,Townhouse,0,3.8,8.0,0
327800.0,1633.0,5,4.0,21,3411.0,1,2,Elm Street,Ranch,0,6.9,8.0,0
409700.0,2273.0,6,4.0,67,3003.0,2,1,Maple Grove,Townhouse,0,14.4,8.0,1
203000.0,1050.0,1,1.0,28,1219.0,2,1,Riverside Heights,Townhouse,0,5.2,7.0,0
454500.0,2306.0,5,4.0,10,3234.0,2,2,Maple Grove,Colonial,0,2.9,9.0,0
358700.0,1727.0,3,,5,1999.0,1,3,Sunset Hills,Contemporary,1,28.9,7.0,0
500500.0,2164.0,3,2.0,4,3603.0,3,3,Riverside Heights,Craftsman,0,4.1,7.0,0
104500.0,500.0,1,1.0,3,1426.0,2,3,Industrial Quarter,Ranch,0,2.3,8.0,0
618100.0,2960.0,6,5.0,47,3301.0,1,3,Sunset Hills,Colonial,0,13.6,7.0,1
254200.0,1224.0,2,2.0,9,1643.0,3,1,Lakeview,Colonial,0,17.2,5.0,0
313400.0,1812.0,3,2.0,14,1731.0,2,1,Elm Street,Townhouse,0,10.8,10.0,0
308900.0,1833.0,3,2.0,16,2260.0,2,2,Maple Grove,Craftsman,0,7.5,4.0,0
183300.0,1440.0,3,3.0,45,2353.0,1,1,Industrial Quarter,Craftsman,0,5.3,3.0,0
276700.0,1762.0,3,1.0,3,2759.0,2,1,Elm Street,Townhouse,0,7.9,,0
243100.0,1139.0,3,3.0,4,1620.0,3,1,Industrial Quarter,Colonial,0,28.3,,0
197300.0,1677.0,3,2.0,36,1672.0,3,2,Industrial Quarter,Colonial,0,12.0,8.0,0
522600.0,2084.0,4,3.0,59,4235.0,1,1,Riverside Heights,Craftsman,0,1.4,8.0,1
146600.0,755.0,2,1.0,45,892.0,2,1,Lakeview,Craftsman,0,11.9,5.0,1
324600.0,2161.0,3,2.0,6,1998.0,2,2,Oak Park,Colonial,0,1.3,3.0,0
496100.0,3080.0,6,5.0,3,4052.0,1,2,Oak Park,Colonial,0,0.3,4.0,0
405400.0,2724.0,5,4.0,40,4034.0,3,1,Elm Street,Ranch,0,4.8,6.0,0
459400.0,2061.0,3,2.0,0,2703.0,2,3,Riverside Heights,Craftsman,0,2.7,6.0,0
343600.0,1637.0,3,3.0,9,2294.0,3,1,Sunset Hills,Townhouse,0,7.1,7.0,0
386400.0,1401.0,2,1.0,10,1795.0,2,2,Downtown Loft District,Townhouse,0,2.9,6.0,1
307900.0,1480.0,2,2.0,20,1766.0,2,2,Riverside Heights,Ranch,0,23.8,8.0,0
391300.0,2240.0,4,3.0,10,1291.0,1,3,Maple Grove,Colonial,1,1.3,6.0,1
321700.0,1448.0,2,2.0,35,2700.0,2,2,Lakeview,Craftsman,0,10.6,8.0,1
127900.0,500.0,1,1.0,2,1450.0,2,2,Maple Grove,Colonial,0,4.7,8.0,0
447200.0,1687.0,4,4.0,17,2404.0,3,3,Riverside Heights,Ranch,0,1.7,3.0,1
411400.0,1583.0,4,4.0,41,2899.0,3,1,Riverside Heights,Ranch,0,24.8,10.0,0
305900.0,1938.0,4,3.0,38,3300.0,3,2,Elm Street,Contemporary,0,24.8,8.0,0
195400.0,1171.0,1,1.0,21,2196.0,0,2,Elm Street,Colonial,0,8.2,8.0,1
200600.0,1385.0,3,2.0,9,2068.0,1,1,Maple Grove,Townhouse,0,1.6,8.0,0
374400.0,2131.0,5,4.0,16,3526.0,1,1,Maple Grove,Ranch,1,24.2,9.0,0
203200.0,1167.0,2,1.0,55,845.0,2,1,Lakeview,Contemporary,0,14.8,3.0,1
323400.0,1634.0,2,2.0,3,3501.0,2,3,Oak Park,Ranch,0,8.2,6.0,0
256500.0,1186.0,3,2.0,10,2327.0,3,2,Maple Grove,Colonial,0,1.4,6.0,1
505300.0,2346.0,5,3.0,15,3161.0,2,2,Sunset Hills,Townhouse,0,0.3,10.0,0
347300.0,1716.0,4,3.0,47,2110.0,1,2,Oak Park,Ranch,0,12.2,,0
390800.0,1923.0,4,3.0,34,2651.0,1,1,Lakeview,Ranch,0,19.0,6.0,0
145100.0,586.0,2,1.0,21,870.0,1,1,Riverside Heights,Craftsman,0,17.3,8.0,0
428800.0,1785.0,4,3.0,43,2078.0,2,2,Oak Park,Contemporary,1,9.4,3.0,1
413900.0,1575.0,3,3.0,5,1318.0,2,2,Lakeview,Craftsman,1,1.2,5.0,0
318100.0,1882.0,4,2.0,6,3238.0,1,2,Maple Grove,Craftsman,0,11.1,7.0,0
322400.0,1328.0,3,3.0,15,1603.0,2,1,Lakeview,Townhouse,0,2.0,6.0,0
273200.0,1461.0,3,2.0,5,800.0,3,1,Maple Grove,Ranch,0,11.5,5.0,0
323900.0,1561.0,3,2.0,5,2161.0,0,1,Sunset Hills,Ranch,0,0.9,7.0,1
396800.0,1618.0,3,1.0,4,1864.0,2,2,Riverside Heights,Townhouse,0,1.5,7.0,0
253300.0,1038.0,2,2.0,1,1812.0,0,2,Oak Park,Townhouse,0,0.9,6.0,0
463100.0,2463.0,4,3.0,26,5272.0,1,2,Oak Park,Townhouse,0,9.1,9.0,0
167900.0,708.0,1,1.0,41,1793.0,2,2,Sunset Hills,Ranch,1,5.8,5.0,1
457000.0,2045.0,4,3.0,2,2323.0,0,1,Riverside Heights,Craftsman,0,2.6,7.0,0
344400.0,2531.0,5,3.0,2,3974.0,2,2,Industrial Quarter,Ranch,0,7.7,8.0,0
237300.0,1586.0,3,3.0,3,1799.0,0,2,Elm Street,Craftsman,0,17.6,7.0,1
136900.0,500.0,1,1.0,15,1131.0,2,2,Lakeview,Townhouse,0,9.0,7.0,0
443100.0,2064.0,4,3.0,7,4238.0,2,2,Sunset Hills,Craftsman,0,6.3,7.0,1
301300.0,2361.0,3,2.0,11,2879.0,1,2,Industrial Quarter,Townhouse,0,6.9,9.0,0
430500.0,2327.0,4,3.0,25,3585.0,2,1,Oak Park,Contemporary,0,9.3,6.0,0
183800.0,803.0,1,1.0,12,800.0,1,1,Maple Grove,Colonial,0,8.0,10.0,1
214400.0,1412.0,2,2.0,34,2165.0,1,1,Maple Grove,Craftsman,0,6.6,3.0,1
312700.0,2280.0,4,4.0,21,1731.0,2,1,Industrial Quarter,Contemporary,0,17.6,7.0,0
397700.0,1917.0,3,3.0,11,1559.0,2,2,Sunset Hills,Craftsman,0,0.6,4.0,0
445000.0,2475.0,6,5.0,27,2406.0,0,1,Maple Grove,Contemporary,0,2.8,1.0,1
416100.0,2270.0,5,3.0,10,2244.0,3,2,Elm Street,Townhouse,1,11.1,6.0,1
405400.0,2086.0,4,3.0,30,2051.0,1,1,Oak Park,Craftsman,1,1.2,6.0,0
263300.0,1482.0,3,2.0,12,3374.0,2,1,Elm Street,Contemporary,0,1.5,9.0,0
282400.0,1134.0,2,1.0,18,1016.0,0,1,Lakeview,Ranch,0,0.9,9.0,0
222800.0,1163.0,1,2.0,3,2391.0,2,2,Maple Grove,Contemporary,0,11.5,6.0,1
290200.0,1499.0,2,1.0,26,3512.0,3,3,Elm Street,Colonial,0,2.4,6.0,0
896200.0,3346.0,6,5.0,12,4882.0,3,2,Riverside Heights,Contemporary,0,3.2,7.0,1
262900.0,1964.0,3,2.0,10,4014.0,2,1,Industrial Quarter,Craftsman,0,1.2,3.0,1
177500.0,735.0,1,1.0,10,800.0,2,2,Oak Park,Contemporary,0,2.7,6.0,0
351300.0,2111.0,4,3.0,14,2585.0,3,3,Maple Grove,Ranch,0,0.6,4.0,0
369200.0,1575.0,2,3.0,6,1429.0,2,1,Oak Park,Contemporary,0,3.9,7.0,0
528700.0,2296.0,5,4.0,36,3378.0,1,2,Riverside Heights,Colonial,0,5.6,7.0,1
423300.0,1619.0,3,3.0,7,1600.0,2,1,Lakeview,Contemporary,1,3.4,6.0,0
271600.0,1699.0,4,3.0,43,2148.0,2,3,Elm Street,Colonial,0,6.6,,0
304800.0,1289.0,3,3.0,14,1635.0,2,2,Lakeview,Craftsman,0,2.2,5.0,0
178300.0,916.0,1,1.0,28,1016.0,3,2,Elm Street,Colonial,1,6.1,5.0,0
475100.0,2472.0,5,4.0,113,2015.0,0,1,Lakeview,Contemporary,1,11.7,4.0,1
256300.0,1199.0,3,2.0,2,2370.0,3,1,Industrial Quarter,Colonial,1,0.9,4.0,0
711600.0,3028.0,6,4.0,35,4300.0,0,2,Downtown Loft District,Craftsman,1,4.0,6.0,0
329500.0,1440.0,2,1.0,57,2768.0,3,2,Riverside Heights,Craftsman,0,11.4,6.0,1
94100.0,500.0,1,1.0,18,800.0,1,2,Industrial Quarter,Townhouse,0,0.9,6.0,0
478000.0,2173.0,5,4.0,62,2976.0,3,1,Lakeview,Townhouse,1,0.3,5.0,0
309200.0,1574.0,3,1.0,16,2888.0,2,2,Oak Park,Colonial,0,4.0,5.0,0
388100.0,1424.0,3,2.0,17,2320.0,2,1,Riverside Heights,Craftsman,0,2.5,8.0,0
251500.0,1277.0,3,2.0,9,1018.0,1,1,Elm Street,Ranch,1,3.6,5.0,0
362200.0,2518.0,5,4.0,11,4293.0,2,1,Industrial Quarter,Townhouse,0,8.8,4.0,1
473100.0,2847.0,4,2.0,8,3197.0,2,2,Oak Park,Colonial,0,1.7,6.0,0
437000.0,1689.0,3,3.0,26,2245.0,2,1,Riverside Heights,Townhouse,1,9.2,9.0,0
678800.0,2313.0,4,3.0,17,3103.0,2,2,Downtown Loft District,Ranch,0,6.3,3.0,1
405700.0,3004.0,5,4.0,0,2753.0,3,1,Industrial Quarter,Townhouse,0,18.1,5.0,0
457100.0,2058.0,4,3.0,6,3050.0,2,1,Riverside Heights,Townhouse,0,4.7,6.0,0
221900.0,1133.0,3,3.0,8,2431.0,1,3,Industrial Quarter,Ranch,0,0.3,7.0,0
433900.0,2442.0,4,3.0,15,4774.0,2,1,Maple Grove,Ranch,0,4.0,9.0,0
293900.0,2250.0,3,3.0,24,3903.0,1,2,Industrial Quarter,Ranch,0,5.7,8.0,0
352000.0,1555.0,3,2.0,10,2561.0,1,1,Sunset Hills,Craftsman,0,13.9,9.0,0
308400.0,1243.0,2,2.0,13,2956.0,1,3,Downtown Loft District,Ranch,0,5.8,6.0,0
327800.0,1780.0,4,3.0,0,2141.0,1,2,Elm Street,Craftsman,1,2.2,4.0,0
200100.0,1300.0,2,2.0,42,993.0,2,1,Elm Street,Ranch,0,2.3,5.0,0
332400.0,2096.0,3,3.0,13,3723.0,2,1,Elm Street,Colonial,0,0.9,7.0,0
612100.0,2767.0,4,3.0,68,5218.0,3,1,Downtown Loft District,Contemporary,0,11.3,6.0,0
311500.0,1080.0,3,3.0,11,1027.0,2,2,Downtown Loft District,Colonial,0,6.0,5.0,1
413300.0,1980.0,3,1.0,10,2407.0,1,3,Lakeview,Contemporary,0,5.0,9.0,0
149500.0,917.0,2,1.0,7,2165.0,2,2,Elm Street,Contemporary,0,6.5,3.0,0
468200.0,2707.0,5,4.0,25,3919.0,2,1,Maple Grove,Contemporary,0,6.4,7.0,1
521100.0,1994.0,4,3.0,3,2884.0,1,1,Downtown Loft District,Colonial,0,14.2,5.0,0
199000.0,853.0,1,1.0,1,2789.0,1,1,Lakeview,Townhouse,0,0.3,4.0,0
573100.0,2871.0,5,4.0,6,6089.0,1,2,Oak Park,Ranch,0,13.8,6.0,0
478900.0,1946.0,3,3.0,28,2305.0,2,2,Downtown Loft District,Craftsman,0,3.8,7.0,0
314400.0,1599.0,4,3.0,9,1836.0,0,1,Oak Park,Townhouse,0,11.0,9.0,0
322600.0,1925.0,3,2.0,13,4038.0,2,1,,Ranch,0,9.9,5.0,0
343500.0,1791.0,3,2.0,22,1477.0,0,1,Lakeview,Craftsman,0,4.6,6.0,0
128300.0,500.0,1,1.0,0,800.0,2,2,,Contemporary,0,1.4,5.0,1
289900.0,1709.0,3,3.0,62,2259.0,0,2,Oak Park,Craftsman,0,1.7,9.0,0
334000.0,1690.0,3,2.0,59,1933.0,1,2,Lakeview,Craftsman,0,17.8,7.0,0
309600.0,1874.0,3,2.0,3,4022.0,2,2,Maple Grove,Townhouse,0,11.9,6.0,0
527600.0,1866.0,3,2.0,1,2951.0,3,2,Riverside Heights,Craftsman,0,0.6,5.0,0
383100.0,2196.0,4,3.0,2,2878.0,2,2,Oak Park,Contemporary,0,16.9,4.0,0
394400.0,,4,3.0,42,3023.0,2,2,Oak Park,Contemporary,0,20.7,10.0,0
502400.0,2078.0,2,1.0,7,2172.0,0,1,Riverside Heights,Townhouse,0,3.1,9.0,0
475300.0,2879.0,5,4.0,33,4164.0,2,1,Sunset Hills,Colonial,0,30.1,6.0,0
133600.0,807.0,1,1.0,54,800.0,2,2,Sunset Hills,Contemporary,0,19.9,6.0,0
690100.0,3161.0,6,5.0,22,4061.0,2,1,Lakeview,Townhouse,0,5.2,5.0,0
364600.0,1671.0,3,2.0,12,2698.0,1,1,Oak Park,Craftsman,1,1.1,8.0,0
273800.0,1142.0,2,1.0,16,2514.0,2,2,Maple Grove,Ranch,1,0.3,7.0,1
209700.0,1372.0,3,3.0,22,985.0,1,1,Elm Street,Craftsman,0,16.8,6.0,1
292700.0,1901.0,4,3.0,17,2251.0,2,1,Maple Grove,Colonial,0,31.1,7.0,0
265000.0,1531.0,2,2.0,0,2182.0,0,1,Oak Park,Townhouse,0,1.3,4.0,0
238100.0,816.0,1,1.0,1,800.0,2,3,Lakeview,Townhouse,0,6.1,5.0,0
875600.0,3105.0,7,,5,4506.0,3,2,Riverside Heights,Townhouse,0,2.6,8.0,0
213800.0,1659.0,3,2.0,38,1738.0,3,1,Industrial Quarter,Craftsman,0,2.2,5.0,0
297800.0,1024.0,2,2.0,8,1502.0,2,1,Riverside Heights,Ranch,0,11.8,7.0,0
195400.0,1711.0,2,1.0,102,,2,2,Elm Street,Ranch,0,0.4,7.0,0
385700.0,2107.0,4,3.0,21,2451.0,2,1,Elm Street,Contemporary,0,2.8,10.0,0
151400.0,691.0,1,2.0,6,1546.0,1,2,Elm Street,Contemporary,0,10.3,8.0,0
610700.0,2372.0,4,4.0,4,3359.0,0,3,Riverside Heights,Colonial,0,13.6,10.0,0
379800.0,2226.0,5,4.0,13,2107.0,2,2,Maple Grove,Townhouse,0,30.3,7.0,1
272600.0,1034.0,2,1.0,15,2999.0,2,2,Riverside Heights,Contemporary,1,1.5,6.0,0
429000.0,3079.0,6,5.0,21,4136.0,2,2,Elm Street,Craftsman,0,8.5,9.0,0
483700.0,2164.0,4,2.0,13,4121.0,2,1,Sunset Hills,Colonial,0,8.6,3.0,1
239600.0,1614.0,2,2.0,13,3209.0,0,2,Elm Street,Colonial,0,5.6,5.0,0
254700.0,1017.0,1,1.0,12,800.0,2,1,Sunset Hills,Colonial,0,1.4,5.0,1
534500.0,2832.0,5,4.0,18,3931.0,2,2,Maple Grove,Craftsman,1,1.7,1.0,0
370500.0,1523.0,3,1.0,39,3027.0,2,2,Lakeview,Ranch,0,1.0,4.0,0
374300.0,1926.0,3,2.0,7,2261.0,1,2,Sunset Hills,Craftsman,0,6.4,4.0,0
281200.0,1164.0,2,2.0,23,1205.0,0,1,Riverside Heights,Contemporary,0,8.6,8.0,0
284000.0,1610.0,3,2.0,9,991.0,3,2,Oak Park,Colonial,0,1.3,3.0,1
350100.0,1888.0,3,2.0,3,2162.0,2,2,Oak Park,Townhouse,0,6.8,8.0,0
133300.0,814.0,1,1.0,7,1022.0,2,1,Elm Street,Ranch,0,2.8,6.0,0
420300.0,1365.0,3,4.0,1,2385.0,2,1,Downtown Loft District,Colonial,0,11.6,5.0,0
236700.0,1098.0,2,1.0,4,2318.0,2,2,Oak Park,Townhouse,0,5.0,,0
220800.0,1503.0,2,2.0,15,2459.0,3,2,Elm Street,Ranch,0,14.7,4.0,0
554500.0,2417.0,4,3.0,47,5304.0,3,1,Riverside Heights,Colonial,1,9.2,6.0,0
207100.0,1243.0,2,2.0,30,1227.0,2,2,Elm Street,Craftsman,0,6.5,8.0,0
454700.0,2281.0,3,,21,3028.0,0,2,Lakeview,Colonial,0,45.0,9.0,0
345200.0,2446.0,6,4.0,23,2829.0,2,2,Elm Street,Craftsman,0,6.8,6.0,0
507000.0,2533.0,5,4.0,9,2304.0,0,1,,Ranch,0,9.7,6.0,0
228400.0,1432.0,1,1.0,7,3518.0,1,2,Elm Street,Contemporary,1,2.7,7.0,0
250400.0,1332.0,3,3.0,35,2429.0,1,1,Maple Grove,Craftsman,0,6.3,6.0,0
133900.0,831.0,2,1.0,10,1105.0,2,3,Industrial Quarter,Ranch,0,12.1,4.0,0
280200.0,2123.0,4,4.0,39,3274.0,1,2,Industrial Quarter,Contemporary,0,2.8,8.0,1
411400.0,2026.0,4,3.0,18,1891.0,2,1,Oak Park,Contemporary,1,15.2,4.0,1
352200.0,2405.0,5,4.0,41,4252.0,2,1,Industrial Quarter,Craftsman,1,6.7,8.0,0
692700.0,2890.0,6,5.0,55,4139.0,3,3,Riverside Heights,Contemporary,0,0.3,7.0,0
648300.0,2288.0,3,2.0,27,3898.0,2,2,Downtown Loft District,Townhouse,1,22.5,10.0,0
579800.0,2714.0,6,4.0,38,4185.0,1,1,Riverside Heights,Contemporary,0,0.8,8.0,0
144100.0,500.0,1,2.0,18,800.0,3,1,Maple Grove,Townhouse,0,7.5,7.0,0
352700.0,1856.0,4,4.0,4,,2,1,Industrial Quarter,Colonial,0,4.8,8.0,0
224800.0,1677.0,2,1.0,2,2278.0,2,1,Industrial Quarter,Contemporary,0,17.8,,0
308400.0,1919.0,3,3.0,7,2473.0,2,2,Maple Grove,Craftsman,0,7.1,7.0,0
477900.0,2999.0,5,3.0,8,4367.0,3,2,Oak Park,Craftsman,0,10.5,5.0,0
316100.0,1993.0,4,4.0,20,2341.0,1,1,Maple Grove,Ranch,0,8.7,3.0,0
152200.0,781.0,2,2.0,14,833.0,3,2,Industrial Quarter,Townhouse,0,5.0,8.0,0
166800.0,791.0,1,1.0,39,800.0,2,3,Oak Park,Townhouse,0,3.6,6.0,1
313800.0,2262.0,4,3.0,11,3597.0,2,1,Industrial Quarter,Colonial,0,6.6,5.0,0
385600.0,1804.0,3,3.0,7,3149.0,2,2,,Craftsman,0,8.5,7.0,0
431700.0,1969.0,2,2.0,19,800.0,1,2,Riverside Heights,Contemporary,0,8.3,10.0,1
311500.0,1728.0,3,2.0,1,2571.0,2,1,Elm Street,Colonial,0,0.3,7.0,1
363900.0,1830.0,2,1.0,1,2395.0,1,1,Sunset Hills,Contemporary,0,4.0,7.0,0
399900.0,1992.0,3,1.0,13,3102.0,1,1,Oak Park,Craftsman,1,1.5,7.0,0
405300.0,2280.0,4,3.0,2,3138.0,2,2,Elm Street,Colonial,0,2.0,7.0,0
341100.0,1924.0,3,2.0,3,2912.0,3,1,Oak Park,Townhouse,0,8.7,8.0,0
398700.0,1844.0,5,4.0,24,4674.0,2,2,Elm Street,Ranch,1,1.6,4.0,1
758100.0,3016.0,6,4.0,22,4647.0,2,2,Riverside Heights,Colonial,0,8.4,5.0,0
474800.0,2617.0,4,3.0,38,3349.0,2,1,Oak Park,Colonial,0,0.3,8.0,0
647800.0,2635.0,5,3.0,28,3973.0,2,2,Downtown Loft District,Craftsman,1,4.4,7.0,0
603000.0,2797.0,5,4.0,3,4243.0,2,2,Sunset Hills,Craftsman,0,16.8,5.0,1
416800.0,1633.0,3,2.0,40,2653.0,3,2,Riverside Heights,Townhouse,0,3.8,6.0,0
539800.0,2074.0,4,3.0,23,3020.0,1,1,Downtown Loft District,Ranch,0,13.5,7.0,0
290200.0,1617.0,2,2.0,6,2553.0,0,1,Lakeview,Colonial,0,45.0,7.0,0
308900.0,1821.0,4,3.0,13,2491.0,0,2,Elm Street,Ranch,0,0.8,10.0,1
283500.0,1687.0,4,3.0,10,3719.0,3,1,Industrial Quarter,Ranch,0,8.1,5.0,0
373800.0,1646.0,3,2.0,8,2126.0,1,1,Oak Park,Craftsman,0,4.0,8.0,1
507900.0,2256.0,4,3.0,8,2917.0,3,1,Lakeview,Contemporary,0,1.0,9.0,0
257100.0,1614.0,3,2.0,25,2329.0,2,1,Oak Park,Colonial,0,3.8,3.0,0
288400.0,1826.0,3,2.0,6,1845.0,2,3,Elm Street,Townhouse,0,1.5,5.0,1
173000.0,500.0,1,1.0,37,800.0,2,1,Riverside Heights,Craftsman,1,0.3,7.0,0
733300.0,3041.0,5,5.0,22,5077.0,1,2,Downtown Loft District,Contemporary,0,7.9,6.0,0
535400.0,2263.0,3,3.0,46,2849.0,2,2,Riverside Heights,Craftsman,0,9.3,6.0,0
383600.0,1554.0,3,3.0,45,2500.0,2,2,Riverside Heights,Colonial,1,11.4,6.0,0
470900.0,2830.0,5,4.0,14,4513.0,1,2,Maple Grove,Craftsman,0,5.0,4.0,0
212100.0,1298.0,3,,14,1034.0,1,2,Industrial Quarter,Townhouse,0,0.7,6.0,0
280500.0,1773.0,3,3.0,9,800.0,2,1,Elm Street,Contemporary,0,4.8,8.0,0
287500.0,1990.0,4,3.0,34,3885.0,1,2,Industrial Quarter,Craftsman,1,18.3,6.0,1
123900.0,626.0,1,1.0,9,800.0,2,1,Sunset Hills,Contemporary,0,29.7,6.0,1
384900.0,1722.0,3,3.0,71,2673.0,3,2,Riverside Heights,Colonial,0,7.0,6.0,1
382500.0,2023.0,4,3.0,26,2041.0,2,1,Riverside Heights,Townhouse,0,2.5,6.0,0
616000.0,3110.0,7,6.0,30,4981.0,2,2,Sunset Hills,Contemporary,0,3.2,7.0,0
301300.0,2363.0,4,2.0,84,2276.0,2,3,Industrial Quarter,Colonial,0,2.7,4.0,1
335200.0,1276.0,3,1.0,19,1167.0,2,2,Downtown Loft District,Colonial,0,9.1,9.0,0
327600.0,2135.0,4,,5,1582.0,0,1,Industrial Quarter,Colonial,0,3.3,6.0,1
426500.0,2904.0,6,4.0,88,4901.0,1,1,Oak Park,Colonial,0,12.8,6.0,0
445400.0,,4,3.0,23,3201.0,3,3,Oak Park,Colonial,1,11.0,5.0,0
355100.0,2366.0,4,3.0,8,2506.0,2,1,Elm Street,Colonial,0,10.7,6.0,1
478000.0,2053.0,3,1.0,2,3156.0,0,2,Riverside Heights,Craftsman,1,11.0,9.0,0
548800.0,2793.0,6,5.0,2,2206.0,0,2,Sunset Hills,Craftsman,0,2.4,4.0,0
441000.0,1794.0,4,4.0,22,2714.0,2,3,Sunset Hills,Colonial,0,1.6,7.0,0
280500.0,1934.0,3,2.0,37,1190.0,1,2,Elm Street,Colonial,0,7.1,8.0,0
236700.0,1315.0,2,2.0,32,1588.0,2,2,Elm Street,Ranch,0,0.3,6.0,1
353400.0,1779.0,3,3.0,2,3578.0,3,1,Maple Grove,Colonial,0,0.6,8.0,0
300500.0,1276.0,2,1.0,3,858.0,2,2,Lakeview,Contemporary,0,1.3,4.0,0
377700.0,1765.0,2,1.0,59,2936.0,1,2,Lakeview,Townhouse,1,4.3,7.0,1
507600.0,2451.0,5,4.0,4,3144.0,2,1,Maple Grove,Townhouse,0,3.0,6.0,1
243200.0,1477.0,3,2.0,2,2406.0,1,2,Sunset Hills,Ranch,0,18.2,2.0,0
317700.0,2075.0,4,3.0,0,2482.0,2,1,Industrial Quarter,Ranch,0,11.7,5.0,1
422900.0,,2,2.0,6,3032.0,3,1,Sunset Hills,Townhouse,1,16.2,7.0,1
240800.0,1866.0,4,3.0,10,3009.0,3,1,Industrial Quarter,Craftsman,0,28.6,5.0,0
505400.0,2620.0,4,3.0,2,5465.0,1,2,Oak Park,Contemporary,0,0.3,8.0,1
215000.0,1898.0,3,3.0,18,3986.0,0,2,Industrial Quarter,Contemporary,0,4.3,2.0,0
519500.0,2202.0,3,2.0,25,3219.0,2,2,Riverside Heights,Colonial,0,7.4,8.0,0
411300.0,1801.0,3,3.0,5,2552.0,3,2,Lakeview,Townhouse,1,13.0,5.0,0
444300.0,1981.0,3,3.0,9,2677.0,1,2,Riverside Heights,Townhouse,1,13.9,4.0,0
227600.0,1009.0,2,1.0,29,1644.0,3,2,Oak Park,Ranch,0,10.7,9.0,1
230500.0,1373.0,3,2.0,15,2019.0,2,2,Industrial Quarter,Craftsman,0,4.4,9.0,0
343400.0,1734.0,4,4.0,17,2776.0,2,2,Elm Street,Contemporary,1,4.2,7.0,1
337400.0,2081.0,4,2.0,2,939.0,2,1,Elm Street,Townhouse,0,8.6,10.0,0
360300.0,2228.0,5,5.0,12,2650.0,2,2,Industrial Quarter,Ranch,1,10.7,10.0,0
492800.0,1916.0,3,2.0,0,1723.0,2,2,Riverside Heights,Townhouse,1,1.3,8.0,0
729000.0,2605.0,4,3.0,8,4022.0,2,2,Riverside Heights,Contemporary,0,1.0,7.0,1
278000.0,913.0,2,2.0,6,800.0,3,1,Sunset Hills,Contemporary,1,1.7,5.0,1
339100.0,2085.0,5,4.0,13,3286.0,3,1,Elm Street,Townhouse,0,2.4,7.0,0
112800.0,500.0,1,1.0,19,800.0,2,3,Maple Grove,Contemporary,0,3.7,5.0,0
514100.0,2358.0,4,3.0,22,2535.0,3,2,Riverside Heights,Ranch,0,11.7,5.0,0
322100.0,1409.0,2,1.0,16,2129.0,1,1,Riverside Heights,Colonial,0,7.2,5.0,0
271000.0,1414.0,2,1.0,36,1209.0,2,2,Oak Park,Ranch,0,1.7,4.0,1
217400.0,1353.0,2,1.0,25,1885.0,3,2,Maple Grove,Craftsman,0,12.1,4.0,0
285000.0,1811.0,3,3.0,11,4316.0,1,1,Industrial Quarter,Contemporary,0,4.3,8.0,1
285900.0,1589.0,3,2.0,26,2855.0,1,1,Oak Park,Craftsman,0,7.7,5.0,0
320400.0,1296.0,3,2.0,3,869.0,2,2,Sunset Hills,Contemporary,0,3.4,7.0,0
296300.0,1758.0,4,3.0,14,1475.0,3,2,Industrial Quarter,Colonial,0,1.8,8.0,0
305700.0,1655.0,3,2.0,2,2562.0,2,1,Oak Park,Craftsman,0,10.5,5.0,0
314700.0,1721.0,3,2.0,14,2477.0,1,2,Elm Street,Contemporary,0,1.0,8.0,0
371200.0,1596.0,2,2.0,27,2572.0,2,2,Riverside Heights,Craftsman,0,10.5,9.0,0
365200.0,1769.0,3,2.0,4,2137.0,0,1,Downtown Loft District,Contemporary,0,0.3,7.0,0
195800.0,940.0,1,1.0,6,2547.0,1,1,Oak Park,Townhouse,0,15.8,6.0,1
364100.0,2178.0,4,4.0,0,2112.0,1,2,Elm Street,Colonial,0,0.3,4.0,0
269900.0,1377.0,2,2.0,22,2026.0,2,2,Industrial Quarter,Craftsman,0,0.7,9.0,1
594000.0,2716.0,4,3.0,21,2622.0,2,1,Lakeview,Colonial,1,10.9,8.0,0
306900.0,1335.0,3,2.0,1,1013.0,1,2,Riverside Heights,Townhouse,0,19.8,6.0,0
294200.0,1737.0,3,3.0,25,2142.0,2,2,Elm Street,Craftsman,0,6.1,5.0,0
327600.0,1514.0,3,2.0,14,3167.0,2,3,Elm Street,Craftsman,1,2.0,8.0,0
393400.0,,3,3.0,9,3064.0,2,3,Oak Park,Colonial,0,3.9,7.0,1
333700.0,1975.0,4,3.0,23,3016.0,1,2,Maple Grove,Ranch,0,9.9,6.0,1
241900.0,1195.0,1,1.0,0,1471.0,2,2,Elm Street,Colonial,0,0.4,8.0,1
219400.0,1470.0,2,1.0,41,1380.0,2,1,Maple Grove,Contemporary,0,5.7,5.0,1
215100.0,1152.0,2,1.0,11,3026.0,2,2,Industrial Quarter,Contemporary,0,2.6,6.0,0
369100.0,1516.0,3,2.0,11,2072.0,2,3,Lakeview,Contemporary,0,1.2,5.0,0
182600.0,1157.0,1,1.0,30,1850.0,1,1,Sunset Hills,Ranch,0,8.9,6.0,0
306400.0,1279.0,3,2.0,6,2068.0,1,3,Oak Park,Colonial,0,2.8,3.0,0
376300.0,2187.0,4,3.0,24,2150.0,0,2,Maple Grove,Craftsman,0,16.4,8.0,0
494100.0,2047.0,2,2.0,9,2058.0,2,1,Riverside Heights,Contemporary,1,7.9,7.0,0
382600.0,1762.0,3,2.0,14,2463.0,2,2,Sunset Hills,Contemporary,0,23.0,8.0,0
205200.0,1320.0,2,2.0,11,1486.0,2,1,Industrial Quarter,Contemporary,0,7.9,9.0,0
560000.0,2024.0,4,3.0,34,3750.0,2,3,Downtown Loft District,Colonial,0,22.5,10.0,1
475300.0,1884.0,3,2.0,8,2823.0,2,3,Downtown Loft District,Contemporary,0,2.5,8.0,0
353700.0,1283.0,3,3.0,1,2301.0,1,1,Riverside Heights,Townhouse,0,9.6,7.0,0
224800.0,849.0,1,1.0,7,1547.0,1,1,Riverside Heights,Ranch,0,8.6,6.0,0
469600.0,1705.0,3,3.0,19,3074.0,3,2,Lakeview,Townhouse,0,7.4,6.0,1
250100.0,1759.0,3,2.0,25,1659.0,2,1,Elm Street,Ranch,0,0.3,3.0,1
204300.0,1103.0,2,1.0,19,1750.0,2,2,Elm Street,Ranch,0,2.7,7.0,0
480700.0,2167.0,3,2.0,38,4098.0,2,1,Riverside Heights,Ranch,0,12.3,8.0,0
346200.0,1246.0,2,2.0,2,2472.0,1,2,Lakeview,Townhouse,0,5.0,8.0,0
388000.0,2364.0,3,3.0,7,3888.0,2,1,Elm Street,Craftsman,1,0.7,7.0,1
368400.0,2005.0,3,2.0,29,2056.0,3,2,Riverside Heights,Ranch,0,8.9,8.0,1
237400.0,1884.0,3,2.0,65,2854.0,2,1,,Craftsman,0,2.6,9.0,0
289200.0,1419.0,3,2.0,4,1788.0,2,2,Riverside Heights,Contemporary,1,8.5,2.0,0
370300.0,1211.0,3,3.0,2,2734.0,3,2,Lakeview,Craftsman,0,2.0,6.0,1
246000.0,969.0,2,1.0,4,2642.0,3,2,Industrial Quarter,Townhouse,1,4.0,8.0,0
137000.0,911.0,1,1.0,28,800.0,2,2,Industrial Quarter,Ranch,0,0.3,7.0,0
235300.0,1187.0,2,2.0,12,2219.0,1,1,Maple Grove,Contemporary,1,1.2,5.0,0
286600.0,1349.0,2,1.0,6,2010.0,3,2,Maple Grove,Ranch,1,6.4,8.0,0
375600.0,2383.0,4,3.0,3,2968.0,1,3,Maple Grove,Colonial,0,28.7,6.0,0
226800.0,1668.0,3,2.0,12,1531.0,2,1,Elm Street,Colonial,0,12.5,7.0,0
147800.0,500.0,1,1.0,20,800.0,2,2,Downtown Loft District,Townhouse,0,9.8,5.0,0
168900.0,1141.0,3,2.0,21,2574.0,1,1,Industrial Quarter,Ranch,0,14.1,10.0,0
283600.0,1254.0,3,3.0,40,1519.0,1,2,Riverside Heights,Craftsman,0,9.4,7.0,0
252000.0,1334.0,2,2.0,2,2002.0,1,1,Elm Street,Contemporary,0,7.9,9.0,0
170800.0,1084.0,2,1.0,6,1628.0,1,3,Sunset Hills,Townhouse,0,45.0,7.0,0
579800.0,2608.0,5,3.0,1,5148.0,2,1,Sunset Hills,Colonial,0,1.0,6.0,0
608700.0,2462.0,3,4.0,20,3464.0,3,3,Riverside Heights,Townhouse,0,0.3,6.0,0
349700.0,1414.0,3,3.0,16,2471.0,1,2,Lakeview,Craftsman,0,9.0,7.0,0
307700.0,1894.0,2,1.0,38,1018.0,1,2,Maple Grove,Craftsman,1,3.7,9.0,0
76500.0,500.0,1,1.0,29,870.0,2,1,Industrial Quarter,Colonial,0,9.0,4.0,0
234000.0,1173.0,3,2.0,43,800.0,0,2,Maple Grove,Contemporary,1,1.0,6.0,0
273800.0,1787.0,3,2.0,19,2464.0,0,2,Maple Grove,Ranch,0,1.7,7.0,0
494900.0,2193.0,3,2.0,12,3596.0,0,2,Downtown Loft District,Colonial,0,1.3,7.0,0
303000.0,1583.0,3,2.0,10,2004.0,2,1,Oak Park,Townhouse,0,4.4,6.0,1
606100.0,2162.0,5,4.0,8,2804.0,1,1,Riverside Heights,Ranch,0,8.8,,0
127500.0,500.0,1,1.0,7,1099.0,2,2,Maple Grove,Craftsman,0,9.0,6.0,0
230900.0,1147.0,2,1.0,14,816.0,2,2,Sunset Hills,Townhouse,1,17.9,5.0,1
340300.0,2213.0,4,4.0,0,2690.0,1,2,Industrial Quarter,Craftsman,0,0.3,6.0,0
366200.0,1986.0,4,2.0,21,2159.0,1,2,Oak Park,Contemporary,0,16.5,4.0,0
565700.0,2583.0,4,3.0,4,3850.0,3,1,Sunset Hills,Colonial,0,6.0,9.0,1
382300.0,2366.0,4,3.0,20,2887.0,2,2,Oak Park,Craftsman,0,12.7,7.0,0
546600.0,2286.0,4,3.0,6,2758.0,2,1,Downtown Loft District,Craftsman,0,0.3,6.0,0
312500.0,872.0,2,2.0,4,1819.0,2,2,Downtown Loft District,Townhouse,0,6.1,9.0,0
433200.0,1948.0,3,2.0,9,2316.0,1,1,Lakeview,Colonial,0,3.7,6.0,1
295700.0,1005.0,2,2.0,5,822.0,1,1,Riverside Heights,Craftsman,1,15.4,7.0,1
298200.0,1579.0,3,2.0,5,1118.0,1,2,Oak Park,Colonial,0,4.1,9.0,0
476100.0,2627.0,5,4.0,28,4269.0,3,2,Elm Street,Contemporary,1,6.9,6.0,1
386800.0,,3,2.0,33,2653.0,2,1,Sunset Hills,Colonial,0,1.0,7.0,1
334000.0,1920.0,3,2.0,41,3291.0,0,2,Maple Grove,Ranch,0,6.8,8.0,0
294500.0,1243.0,1,1.0,8,800.0,2,3,Riverside Heights,Colonial,0,30.2,6.0,0
321900.0,1404.0,3,2.0,20,3367.0,2,1,Riverside Heights,Ranch,0,5.4,7.0,0
348800.0,1797.0,4,3.0,59,3013.0,1,2,Lakeview,Colonial,0,12.1,,1
317900.0,1443.0,3,2.0,10,800.0,3,2,Riverside Heights,Ranch,0,4.9,3.0,0
362800.0,2896.0,5,4.0,53,3371.0,1,1,Industrial Quarter,Contemporary,0,0.3,4.0,0
456400.0,1659.0,3,4.0,6,1704.0,1,1,Riverside Heights,Ranch,0,2.9,7.0,0
446100.0,1885.0,3,3.0,0,2904.0,2,1,Sunset Hills,Colonial,0,0.3,6.0,0
288500.0,1648.0,3,2.0,31,3502.0,1,1,Maple Grove,Craftsman,0,5.2,,0
389200.0,2062.0,4,3.0,7,2622.0,2,2,Oak Park,Colonial,0,1.4,6.0,0
218500.0,,2,2.0,38,2477.0,2,2,Lakeview,Ranch,0,3.6,6.0,0
498600.0,2027.0,4,3.0,6,2103.0,2,1,Riverside Heights,Contemporary,1,0.3,4.0,1
305800.0,2239.0,4,2.0,29,2431.0,2,2,Elm Street,Contemporary,0,1.9,7.0,0
282300.0,2079.0,3,2.0,39,2577.0,1,1,Maple Grove,Ranch,0,21.0,8.0,0
394900.0,2611.0,5,4.0,2,4907.0,2,1,Industrial Quarter,Ranch,0,4.2,6.0,0
303600.0,1709.0,3,2.0,13,2968.0,1,1,Maple Grove,Craftsman,0,1.5,9.0,0
153200.0,829.0,1,1.0,25,800.0,2,2,Oak Park,Craftsman,0,0.7,1.0,0
346100.0,1339.0,3,,35,1691.0,3,1,Riverside Heights,Colonial,0,0.3,6.0,1
474500.0,1676.0,3,2.0,10,2024.0,2,1,Downtown Loft District,Contemporary,0,12.4,7.0,1
276200.0,1850.0,3,3.0,20,3221.0,2,2,Maple Grove,Craftsman,0,35.6,5.0,0
269700.0,1955.0,3,2.0,3,3691.0,0,1,Maple Grove,Colonial,0,2.6,6.0,0
389500.0,1850.0,3,2.0,10,2701.0,1,2,Oak Park,Craftsman,0,15.2,6.0,1
416600.0,1903.0,3,3.0,10,2800.0,3,1,Oak Park,Contemporary,0,7.7,10.0,1
430600.0,2391.0,5,3.0,0,3635.0,2,1,Elm Street,Colonial,0,7.5,6.0,0
523900.0,2053.0,4,3.0,72,3543.0,2,2,Downtown Loft District,Colonial,0,4.6,10.0,1
549800.0,1850.0,4,3.0,37,1746.0,3,2,Downtown Loft District,Craftsman,0,11.7,10.0,0
422900.0,1646.0,3,2.0,21,2389.0,2,2,Downtown Loft District,Colonial,0,6.0,7.0,0
463300.0,2166.0,5,4.0,35,1943.0,0,1,Riverside Heights,Colonial,0,6.6,8.0,0
347500.0,1676.0,3,2.0,9,2938.0,2,1,Sunset Hills,Colonial,0,17.2,8.0,0
579600.0,2620.0,5,4.0,15,5132.0,3,2,Oak Park,Ranch,0,0.7,7.0,1
234000.0,1111.0,3,2.0,2,800.0,3,2,Maple Grove,Colonial,0,7.6,6.0,0
140900.0,928.0,1,1.0,5,1595.0,3,2,Industrial Quarter,Craftsman,0,5.6,4.0,0
182300.0,1045.0,3,2.0,17,800.0,1,2,Industrial Quarter,Craftsman,0,8.1,7.0,0
307900.0,1427.0,3,2.0,2,1912.0,2,1,Maple Grove,Colonial,0,3.5,7.0,0
574200.0,2376.0,5,5.0,59,3109.0,3,1,Sunset Hills,Ranch,0,2.4,9.0,0
281100.0,2381.0,4,3.0,17,2722.0,0,3,Industrial Quarter,Colonial,0,5.2,4.0,0
797600.0,3208.0,6,4.0,15,5586.0,2,2,Riverside Heights,Contemporary,0,4.5,6.0,1
479700.0,1929.0,3,2.0,5,3725.0,2,2,Sunset Hills,Colonial,1,2.4,9.0,1
378600.0,1731.0,3,3.0,0,2398.0,2,2,Lakeview,Contemporary,1,10.1,6.0,0
241900.0,1240.0,3,3.0,21,935.0,2,1,Industrial Quarter,Townhouse,0,0.3,9.0,0
406900.0,1789.0,3,2.0,36,1328.0,2,3,Sunset Hills,Contemporary,1,2.1,7.0,0
271400.0,1749.0,3,3.0,19,3417.0,2,1,Industrial Quarter,Townhouse,0,0.5,8.0,0
462000.0,1591.0,3,2.0,15,2262.0,3,2,Downtown Loft District,Colonial,0,1.3,6.0,0
408500.0,1953.0,3,2.0,15,1474.0,2,2,Sunset Hills,Contemporary,0,0.7,7.0,0
136300.0,631.0,1,1.0,34,800.0,3,2,Riverside Heights,Craftsman,0,7.5,6.0,0
153500.0,944.0,2,2.0,20,1465.0,3,1,Elm Street,Contemporary,0,25.5,6.0,0
564300.0,2665.0,4,3.0,59,4189.0,1,2,Riverside Heights,Ranch,0,9.5,5.0,0
568900.0,2563.0,4,3.0,11,3674.0,2,2,Sunset Hills,Ranch,0,7.3,7.0,0
486900.0,2198.0,3,1.0,24,3522.0,2,2,Lakeview,Craftsman,0,21.1,8.0,0
651200.0,2491.0,5,4.0,2,3919.0,2,3,Riverside Heights,Townhouse,0,0.3,7.0,0
163100.0,863.0,1,1.0,45,834.0,3,1,Sunset Hills,Ranch,0,3.1,5.0,0
211100.0,864.0,2,2.0,72,1394.0,1,2,Riverside Heights,Townhouse,0,1.4,9.0,0
270000.0,1396.0,3,3.0,3,1184.0,1,2,Elm Street,Craftsman,0,2.2,8.0,0
360500.0,1373.0,2,1.0,9,1538.0,1,2,Lakeview,Contemporary,0,3.4,8.0,1
493400.0,2951.0,6,5.0,24,3785.0,2,1,Oak Park,Craftsman,0,12.3,4.0,0
388800.0,2611.0,4,4.0,16,3018.0,0,3,Industrial Quarter,Townhouse,0,14.8,10.0,0
271500.0,1858.0,3,2.0,35,2163.0,1,2,Maple Grove,Craftsman,0,10.1,7.0,0
323800.0,1616.0,4,3.0,45,3124.0,2,2,Oak Park,Colonial,0,4.0,6.0,0
205700.0,1196.0,1,1.0,10,2009.0,3,1,Elm Street,Craftsman,0,3.1,6.0,0
556800.0,2177.0,3,3.0,15,3834.0,0,1,Riverside Heights,Contemporary,0,0.7,6.0,1
288200.0,1549.0,2,1.0,3,927.0,2,2,Elm Street,Contemporary,1,10.2,8.0,0
347500.0,1608.0,2,1.0,5,2971.0,1,1,Lakeview,Colonial,0,13.1,7.0,0
587000.0,2926.0,6,4.0,3,4087.0,2,1,Sunset Hills,Craftsman,0,1.2,6.0,0
234900.0,1253.0,3,4.0,31,990.0,3,1,Oak Park,Townhouse,0,15.6,6.0,0
359400.0,2460.0,5,4.0,3,2647.0,1,1,Industrial Quarter,Ranch,0,5.6,8.0,0
388000.0,2313.0,4,3.0,10,800.0,2,2,Oak Park,Craftsman,0,11.1,6.0,1
325300.0,1869.0,3,2.0,0,3265.0,2,3,Industrial Quarter,Colonial,0,1.6,6.0,1
271600.0,1089.0,2,2.0,6,800.0,2,1,Elm Street,Townhouse,1,5.8,10.0,0
171000.0,1490.0,3,3.0,85,2701.0,2,2,Industrial Quarter,Contemporary,0,8.0,7.0,0
256300.0,727.0,2,1.0,1,816.0,2,2,Downtown Loft District,Contemporary,0,0.3,5.0,0
230000.0,1071.0,3,3.0,61,1302.0,3,1,Elm Street,Contemporary,1,8.4,6.0,0
302300.0,1985.0,4,3.0,43,2044.0,1,1,Maple Grove,Craftsman,0,15.5,7.0,0
489800.0,2890.0,6,5.0,11,2687.0,3,2,Maple Grove,Contemporary,0,21.9,5.0,1
223700.0,1216.0,3,2.0,29,2642.0,3,2,Industrial Quarter,Colonial,0,3.4,7.0,1
450200.0,1937.0,3,2.0,30,2842.0,3,1,Lakeview,Craftsman,0,1.9,8.0,0
628100.0,2655.0,4,3.0,13,4270.0,2,3,Sunset Hills,Townhouse,0,5.3,6.0,1
399300.0,2157.0,4,3.0,74,3636.0,2,1,Lakeview,Ranch,0,10.3,5.0,0
292800.0,1218.0,2,1.0,42,1831.0,1,2,Downtown Loft District,Craftsman,0,18.1,6.0,1
213400.0,1063.0,3,3.0,45,1714.0,2,2,Industrial Quarter,Contemporary,0,2.0,8.0,0
532100.0,2860.0,5,3.0,45,4518.0,1,1,Oak Park,Craftsman,1,13.7,9.0,0
532300.0,3355.0,5,4.0,62,7013.0,3,2,Elm Street,Contemporary,0,1.6,8.0,1
314700.0,2178.0,4,3.0,56,4450.0,1,1,Maple Grove,Colonial,1,13.6,3.0,0
226800.0,1171.0,2,1.0,1,800.0,0,1,Riverside Heights,Colonial,0,4.7,4.0,0
334800.0,1980.0,4,3.0,44,3577.0,2,2,Maple Grove,Contemporary,0,20.0,9.0,0
253900.0,1597.0,3,1.0,0,3439.0,2,1,Industrial Quarter,Ranch,0,1.3,6.0,0
453200.0,2184.0,3,3.0,32,2626.0,1,2,Sunset Hills,Contemporary,0,20.3,5.0,0
274400.0,1783.0,3,2.0,10,3202.0,1,2,Industrial Quarter,Townhouse,0,0.3,8.0,0
312700.0,2201.0,4,2.0,0,3027.0,2,2,Industrial Quarter,Colonial,0,4.4,6.0,0
412100.0,,3,3.0,25,3241.0,3,3,Oak Park,Ranch,0,14.1,6.0,0
549600.0,2148.0,4,3.0,0,3887.0,1,3,Downtown Loft District,Craftsman,0,6.5,,0
543400.0,2707.0,3,2.0,29,3850.0,0,1,Sunset Hills,Craftsman,0,0.4,6.0,1
400500.0,1698.0,4,3.0,7,2116.0,2,3,Sunset Hills,Townhouse,0,7.0,10.0,0
432400.0,2237.0,4,3.0,25,3217.0,0,1,Oak Park,Townhouse,0,3.5,,1
418500.0,1481.0,4,3.0,20,974.0,2,2,Downtown Loft District,Ranch,0,1.1,5.0,0
540100.0,2709.0,5,3.0,17,4335.0,1,2,Oak Park,Craftsman,0,0.7,3.0,1
224300.0,1325.0,4,2.0,12,2269.0,1,2,Industrial Quarter,Townhouse,0,4.9,6.0,0
327600.0,2411.0,5,3.0,12,4835.0,1,1,Industrial Quarter,Craftsman,0,1.6,7.0,0
191700.0,827.0,2,1.0,17,800.0,2,1,Lakeview,Craftsman,0,0.4,7.0,1
329100.0,1587.0,3,1.0,5,2880.0,3,1,Oak Park,Craftsman,1,3.0,5.0,0
265900.0,1157.0,2,1.0,0,2301.0,2,1,Lakeview,Craftsman,0,6.4,7.0,1
498600.0,2145.0,3,3.0,25,3716.0,2,3,Riverside Heights,Townhouse,0,13.8,5.0,0
400400.0,1680.0,2,2.0,41,1783.0,2,2,Downtown Loft District,Craftsman,0,5.0,8.0,0
763900.0,3021.0,4,3.0,26,4368.0,2,2,Downtown Loft District,Colonial,0,3.9,6.0,0
655000.0,3001.0,5,4.0,29,5171.0,1,3,Lakeview,Townhouse,0,1.8,7.0,0
321800.0,1931.0,4,3.0,0,3873.0,2,1,Industrial Quarter,Craftsman,0,1.5,9.0,1
426800.0,2037.0,4,3.0,7,4020.0,1,2,Sunset Hills,Contemporary,0,10.8,5.0,0
465500.0,1828.0,4,3.0,13,3341.0,2,1,Riverside Heights,Townhouse,0,26.4,6.0,1
279000.0,1875.0,3,2.0,10,2977.0,2,2,Elm Street,Contemporary,0,20.5,7.0,0
683700.0,2956.0,6,4.0,32,3488.0,1,1,Lakeview,Contemporary,0,2.4,4.0,0
405700.0,2125.0,4,3.0,5,2428.0,3,3,Oak Park,Townhouse,0,6.9,6.0,0
586600.0,2766.0,6,5.0,5,4822.0,2,1,,Contemporary,0,1.3,5.0,1
389600.0,2244.0,4,4.0,32,2504.0,3,2,Elm Street,Townhouse,1,4.3,,0
236900.0,1501.0,4,4.0,14,2808.0,3,1,Industrial Quarter,Ranch,0,32.9,6.0,0
483000.0,2383.0,4,4.0,34,4001.0,2,1,Sunset Hills,Contemporary,1,3.4,3.0,0
400400.0,1615.0,3,3.0,10,2607.0,2,1,Sunset Hills,Craftsman,0,6.5,7.0,0
338800.0,2938.0,5,4.0,109,3872.0,1,2,Maple Grove,Townhouse,0,10.8,8.0,0
325300.0,1541.0,3,2.0,7,2010.0,2,1,Oak Park,Ranch,0,5.7,6.0,1
532600.0,1725.0,3,2.0,16,3290.0,3,1,Downtown Loft District,Colonial,1,0.3,5.0,0
109000.0,1330.0,2,1.0,105,1664.0,2,1,Industrial Quarter,Craftsman,0,13.8,8.0,0
567800.0,2189.0,5,3.0,12,2266.0,3,3,Riverside Heights,Townhouse,0,4.0,6.0,1
524900.0,2024.0,3,2.0,3,3178.0,2,3,Riverside Heights,Colonial,0,8.0,6.0,0
465700.0,2550.0,5,4.0,8,4533.0,2,1,Elm Street,Contemporary,0,7.8,9.0,0
300900.0,1205.0,3,3.0,1,800.0,0,2,Downtown Loft District,Townhouse,0,11.3,3.0,1
506100.0,2315.0,6,5.0,2,3185.0,3,2,Lakeview,Contemporary,0,45.0,7.0,0
535900.0,2299.0,3,3.0,4,2966.0,2,2,Sunset Hills,Craftsman,0,2.9,10.0,0
268900.0,,3,3.0,38,1494.0,1,2,Riverside Heights,Ranch,0,13.0,6.0,1
330000.0,2163.0,4,4.0,11,4085.0,2,2,Elm Street,Craftsman,0,0.3,6.0,1
447000.0,1762.0,3,3.0,8,3090.0,2,1,Oak Park,Ranch,1,4.6,4.0,0
384100.0,1881.0,4,2.0,28,2276.0,1,1,Riverside Heights,Contemporary,0,32.3,7.0,0
247600.0,1178.0,2,2.0,5,1982.0,3,1,Riverside Heights,Craftsman,0,22.0,6.0,0
197200.0,1562.0,3,3.0,120,2761.0,0,1,Maple Grove,Colonial,0,7.8,5.0,0
365600.0,1427.0,3,2.0,9,1850.0,1,1,Downtown Loft District,Contemporary,1,44.8,10.0,1
310200.0,1813.0,4,3.0,37,2607.0,2,1,Oak Park,Colonial,0,3.1,5.0,0
206300.0,767.0,2,2.0,28,800.0,2,2,Lakeview,Contemporary,1,2.6,5.0,0
366200.0,2072.0,4,3.0,1,3636.0,2,2,Elm Street,Townhouse,0,4.6,7.0,1
214100.0,1508.0,3,3.0,42,2223.0,1,2,Industrial Quarter,Ranch,0,6.0,7.0,1
325400.0,2306.0,4,4.0,4,3547.0,2,1,Elm Street,Townhouse,0,38.9,,0
339800.0,1873.0,2,1.0,7,1828.0,2,1,Riverside Heights,Colonial,0,45.0,5.0,1
673400.0,3484.0,6,4.0,7,4110.0,3,1,Oak Park,Craftsman,0,3.9,4.0,0
274000.0,1308.0,4,3.0,41,2302.0,3,1,Oak Park,Townhouse,0,4.4,3.0,1
484200.0,2162.0,5,4.0,69,3983.0,2,1,Sunset Hills,Contemporary,1,3.9,5.0,0
333200.0,1826.0,4,2.0,25,2014.0,1,2,Oak Park,Townhouse,0,9.2,5.0,1
453300.0,2260.0,3,2.0,34,4463.0,2,2,Lakeview,Craftsman,0,3.4,5.0,1
243300.0,1296.0,1,2.0,2,2478.0,1,1,Oak Park,Craftsman,1,4.6,2.0,1
239100.0,1573.0,2,1.0,22,800.0,2,2,Elm Street,Townhouse,1,9.2,8.0,1
223500.0,1906.0,4,3.0,40,2220.0,2,1,Industrial Quarter,Townhouse,0,13.2,6.0,0
385100.0,1794.0,3,2.0,45,1812.0,2,2,Lakeview,Ranch,0,0.6,7.0,0
310400.0,1249.0,2,1.0,24,2380.0,2,2,Lakeview,Colonial,1,0.3,7.0,0
585700.0,,4,3.0,12,2765.0,1,2,Lakeview,Townhouse,0,22.5,10.0,0
221000.0,1187.0,3,2.0,12,1810.0,2,3,Maple Grove,Townhouse,0,20.6,6.0,0
437300.0,1997.0,3,2.0,6,3994.0,3,1,Sunset Hills,Contemporary,0,13.4,9.0,0
417400.0,2009.0,4,3.0,36,4111.0,2,1,Oak Park,Colonial,0,8.1,5.0,1
220800.0,1390.0,2,1.0,5,2188.0,0,2,Industrial Quarter,Townhouse,1,2.7,8.0,0
397100.0,1906.0,4,4.0,22,2435.0,2,1,Oak Park,Colonial,0,1.2,7.0,0
437600.0,1755.0,3,2.0,20,1709.0,1,1,Lakeview,Craftsman,0,2.3,6.0,0
447000.0,1872.0,4,3.0,2,2679.0,2,1,Riverside Heights,Craftsman,0,7.5,8.0,0
233100.0,1248.0,2,1.0,25,2483.0,2,2,Maple Grove,Ranch,0,9.2,8.0,0
378800.0,1647.0,3,2.0,43,4022.0,2,1,Lakeview,Ranch,1,5.1,7.0,0
418700.0,2167.0,4,1.0,9,4107.0,2,1,Sunset Hills,Craftsman,0,1.0,4.0,0
469000.0,2718.0,4,4.0,2,3499.0,2,1,Maple Grove,Contemporary,0,8.0,7.0,0
270000.0,1805.0,3,3.0,20,3287.0,1,2,Industrial Quarter,Contemporary,0,1.5,6.0,0
498000.0,1808.0,4,2.0,2,3276.0,3,1,Riverside Heights,Craftsman,0,3.5,6.0,1
379200.0,2429.0,6,5.0,28,4428.0,2,2,Industrial Quarter,Townhouse,0,0.3,6.0,0
523500.0,2494.0,5,4.0,37,3390.0,1,1,Riverside Heights,Craftsman,0,0.4,5.0,0
412000.0,2033.0,4,3.0,0,1368.0,1,2,Lakeview,Contemporary,0,20.1,6.0,0
237900.0,1702.0,3,2.0,11,3039.0,1,2,Industrial Quarter,Townhouse,0,3.2,5.0,0
582300.0,2423.0,5,4.0,5,3926.0,2,3,Sunset Hills,Ranch,0,13.0,7.0,0
164500.0,1223.0,2,2.0,19,1012.0,2,1,Industrial Quarter,Craftsman,0,23.0,5.0,0
546700.0,2517.0,5,3.0,4,3715.0,1,2,Sunset Hills,Ranch,0,5.8,6.0,1
339500.0,2352.0,5,3.0,25,,0,1,Elm Street,Townhouse,0,3.4,6.0,0
179600.0,1524.0,2,1.0,58,912.0,0,2,Elm Street,Townhouse,0,2.7,8.0,0
114900.0,500.0,1,1.0,19,814.0,0,2,Industrial Quarter,Townhouse,0,0.9,8.0,1
512400.0,,5,4.0,9,2992.0,2,1,Lakeview,Colonial,0,17.4,5.0,0
291300.0,2151.0,3,2.0,10,1707.0,1,2,Industrial Quarter,Townhouse,0,4.5,7.0,0
362800.0,1483.0,2,1.0,1,3249.0,2,1,Downtown Loft District,Colonial,0,33.0,3.0,0
408400.0,1562.0,2,2.0,17,1420.0,2,2,Riverside Heights,Townhouse,0,1.5,6.0,0
506600.0,2711.0,6,4.0,6,4373.0,2,1,Oak Park,Craftsman,0,1.1,3.0,1
368000.0,2205.0,4,3.0,23,3700.0,2,2,Industrial Quarter,Ranch,1,6.5,6.0,0
397000.0,1427.0,3,3.0,13,1322.0,3,3,Riverside Heights,Colonial,0,1.3,5.0,0
590700.0,2073.0,5,3.0,0,3321.0,2,2,Downtown Loft District,Ranch,0,8.3,6.0,0
456000.0,2150.0,4,4.0,32,4777.0,1,2,Maple Grove,Contemporary,0,0.3,8.0,1
395500.0,1890.0,4,3.0,13,3657.0,2,2,Maple Grove,Townhouse,1,1.0,9.0,0
486600.0,2633.0,5,4.0,20,3937.0,3,1,Elm Street,Ranch,1,1.2,7.0,0
515100.0,1953.0,3,3.0,15,2778.0,2,2,Lakeview,Craftsman,1,1.3,8.0,0
295100.0,1873.0,3,3.0,51,2351.0,2,2,Industrial Quarter,Craftsman,0,6.2,6.0,1
367600.0,1531.0,2,1.0,5,1208.0,2,2,Sunset Hills,Ranch,1,3.0,7.0,0
244100.0,1828.0,2,1.0,47,3089.0,1,3,Industrial Quarter,Colonial,0,0.3,8.0,0
838300.0,3210.0,6,5.0,1,4793.0,2,1,Riverside Heights,Craftsman,0,4.3,9.0,0
330800.0,1843.0,3,3.0,6,3379.0,2,1,Elm Street,Ranch,0,6.7,6.0,1
219000.0,1418.0,2,2.0,108,3025.0,1,1,Lakeview,Townhouse,0,1.7,7.0,0
758000.0,2611.0,5,4.0,15,3946.0,2,1,Downtown Loft District,Contemporary,0,8.6,4.0,0
185200.0,853.0,1,1.0,71,2894.0,3,1,Downtown Loft District,Ranch,0,5.0,5.0,0
178200.0,1066.0,1,1.0,7,2155.0,0,2,Oak Park,Craftsman,0,6.9,4.0,0
446700.0,2205.0,4,2.0,19,2772.0,2,1,Sunset Hills,Ranch,0,10.1,6.0,0
104500.0,500.0,1,1.0,37,800.0,2,1,Sunset Hills,Colonial,0,0.5,3.0,0
683400.0,2696.0,5,3.0,62,3385.0,3,2,Downtown Loft District,Ranch,0,17.4,9.0,1
110000.0,1438.0,1,1.0,13,883.0,0,1,Elm Street,Colonial,0,44.2,3.0,0
307600.0,1455.0,5,3.0,48,1517.0,2,1,Lakeview,Ranch,0,11.5,6.0,0
268100.0,1942.0,2,2.0,10,2511.0,1,2,Maple Grove,Contemporary,0,3.1,6.0,1
142600.0,1127.0,3,2.0,11,2251.0,1,1,Industrial Quarter,Craftsman,0,10.9,5.0,0
504900.0,2204.0,4,3.0,0,2131.0,2,1,Riverside Heights,Craftsman,0,5.1,6.0,0
202400.0,1556.0,3,2.0,51,2673.0,1,2,Industrial Quarter,Townhouse,0,2.9,6.0,0
683200.0,2631.0,5,4.0,5,3564.0,0,1,Riverside Heights,Contemporary,1,0.4,7.0,0
329200.0,1978.0,3,3.0,35,1855.0,2,2,,Ranch,0,8.6,5.0,0
180400.0,926.0,2,1.0,27,1912.0,2,2,Maple Grove,Townhouse,0,1.1,6.0,0
255900.0,1216.0,2,1.0,37,1248.0,2,2,Sunset Hills,Ranch,0,12.2,8.0,0
504400.0,2208.0,4,3.0,10,3343.0,0,1,Sunset Hills,Contemporary,1,6.6,7.0,0
437600.0,2066.0,2,1.0,49,2873.0,1,2,Riverside Heights,Contemporary,0,4.3,6.0,0
732300.0,2589.0,4,3.0,37,2742.0,2,3,Downtown Loft District,Ranch,1,1.8,8.0,0
416100.0,3120.0,4,3.0,0,4352.0,2,3,Industrial Quarter,Colonial,0,10.2,8.0,0
140500.0,762.0,1,1.0,30,1890.0,2,1,Oak Park,Townhouse,0,9.1,7.0,0
447200.0,2499.0,4,3.0,10,3144.0,3,1,Elm Street,Ranch,0,1.1,9.0,0
244800.0,1500.0,2,1.0,18,2361.0,3,2,Industrial Quarter,Contemporary,0,7.7,,0
216400.0,915.0,2,2.0,1,800.0,2,1,Maple Grove,Craftsman,0,1.3,7.0,1
268300.0,2025.0,3,2.0,65,1272.0,0,2,Maple Grove,Townhouse,0,26.8,5.0,1
460000.0,2420.0,5,3.0,12,3253.0,3,2,Sunset Hills,Colonial,0,15.0,5.0,0
198000.0,757.0,1,1.0,40,2261.0,1,2,Lakeview,Townhouse,1,3.8,7.0,0
175300.0,500.0,1,1.0,18,800.0,2,2,Lakeview,Townhouse,0,3.4,7.0,0
617600.0,3259.0,5,,1,3363.0,3,1,Oak Park,Colonial,0,1.5,8.0,1
292900.0,1943.0,4,4.0,21,3624.0,2,2,Industrial Quarter,Ranch,0,25.9,5.0,1
365600.0,1768.0,4,3.0,9,2405.0,2,1,Oak Park,Ranch,0,7.2,10.0,0
391100.0,1906.0,4,3.0,4,2158.0,2,2,Sunset Hills,Ranch,0,2.6,8.0,0
547800.0,2720.0,5,4.0,9,2484.0,2,1,Oak Park,Contemporary,0,2.8,8.0,1
295000.0,1521.0,3,2.0,1,1849.0,0,2,Maple Grove,Craftsman,0,12.2,7.0,0
245200.0,1685.0,2,1.0,75,1616.0,0,2,Oak Park,Craftsman,0,3.5,7.0,0
363400.0,2039.0,2,2.0,53,1709.0,1,2,Lakeview,Townhouse,0,17.2,,0
255700.0,1304.0,3,2.0,1,1290.0,3,2,Elm Street,Contemporary,0,0.7,9.0,0
293000.0,1576.0,3,2.0,7,1058.0,3,1,Elm Street,Townhouse,0,3.3,6.0,0
405000.0,2197.0,4,3.0,8,3684.0,2,2,Maple Grove,Colonial,0,0.3,8.0,0
241600.0,1265.0,3,3.0,29,1200.0,1,2,Maple Grove,Ranch,0,1.7,6.0,0
373800.0,1990.0,3,2.0,4,3711.0,2,1,Sunset Hills,Contemporary,0,0.6,7.0,0
350000.0,1613.0,3,2.0,35,1827.0,2,1,Riverside Heights,Colonial,1,20.9,8.0,0
558000.0,1936.0,4,3.0,7,2111.0,2,1,Riverside Heights,Contemporary,1,4.0,6.0,0
162500.0,752.0,1,1.0,2,800.0,2,3,Oak Park,Contemporary,0,4.6,4.0,0
695000.0,2580.0,4,3.0,0,3030.0,2,2,Downtown Loft District,Townhouse,0,0.8,9.0,0
584700.0,2981.0,6,5.0,19,4554.0,2,1,Oak Park,Colonial,0,13.6,5.0,1
335300.0,1330.0,3,,3,2646.0,1,2,Sunset Hills,Contemporary,0,2.2,2.0,0
334000.0,2260.0,4,3.0,42,1831.0,2,2,Industrial Quarter,Ranch,0,2.0,6.0,0
297700.0,1933.0,4,3.0,29,1804.0,2,2,Elm Street,Contemporary,0,17.3,8.0,0
215100.0,913.0,2,2.0,24,800.0,2,2,Oak Park,Contemporary,1,14.9,7.0,1
414700.0,1576.0,2,2.0,43,2197.0,3,1,Downtown Loft District,Craftsman,0,12.4,4.0,1
430800.0,2104.0,3,3.0,3,2341.0,1,1,Oak Park,Craftsman,0,2.9,9.0,1
351900.0,1263.0,3,,14,2255.0,2,2,Downtown Loft District,Colonial,0,9.0,6.0,1
561600.0,2482.0,6,4.0,25,4367.0,1,2,Maple Grove,Townhouse,0,3.0,9.0,0
444700.0,2501.0,5,3.0,48,4959.0,2,1,Maple Grove,Ranch,0,10.9,6.0,1
283900.0,1520.0,3,2.0,3,1383.0,2,2,Industrial Quarter,Colonial,0,1.0,5.0,1
402600.0,2344.0,5,4.0,8,3315.0,3,1,Maple Grove,Colonial,0,12.7,7.0,1
386200.0,1937.0,3,2.0,33,1714.0,1,2,Sunset Hills,Ranch,0,2.0,6.0,0
447400.0,1810.0,4,3.0,6,3383.0,2,2,Lakeview,Townhouse,0,3.8,6.0,0
324900.0,1522.0,2,1.0,8,1761.0,2,2,Oak Park,Colonial,1,12.2,9.0,0
602700.0,2256.0,4,3.0,0,3287.0,2,1,Riverside Heights,Colonial,1,0.3,8.0,0
117300.0,563.0,2,1.0,27,800.0,0,3,Industrial Quarter,Colonial,0,1.1,7.0,0
188900.0,1123.0,2,1.0,10,1294.0,2,3,Elm Street,Ranch,0,8.8,8.0,1
140900.0,713.0,1,1.0,14,2312.0,0,2,Maple Grove,Ranch,0,4.3,7.0,1
189300.0,836.0,1,1.0,7,1633.0,0,1,Lakeview,Townhouse,0,4.3,8.0,0
180400.0,1161.0,2,2.0,46,1174.0,1,2,Elm Street,Townhouse,0,11.1,8.0,0
461400.0,1825.0,4,2.0,38,3430.0,0,2,Riverside Heights,Craftsman,1,1.9,6.0,1
278300.0,1422.0,3,4.0,18,1619.0,2,1,Oak Park,Colonial,0,21.1,7.0,0
357000.0,2186.0,3,2.0,9,3041.0,2,1,Oak Park,Colonial,0,8.3,7.0,0
625400.0,2586.0,5,4.0,9,2605.0,3,1,Downtown Loft District,Townhouse,0,23.6,9.0,0
222700.0,1605.0,2,1.0,22,2091.0,2,2,Elm Street,Contemporary,0,7.7,6.0,0
323900.0,1278.0,2,2.0,7,,2,1,Riverside Heights,Contemporary,0,1.5,6.0,1
367800.0,2737.0,5,4.0,37,3703.0,1,2,Industrial Quarter,Craftsman,0,5.1,6.0,0
378000.0,2473.0,5,3.0,10,5496.0,2,1,Elm Street,Townhouse,0,13.5,6.0,0
204000.0,944.0,3,3.0,1,1207.0,2,1,Maple Grove,Colonial,0,2.6,5.0,0
322600.0,2095.0,4,3.0,32,2459.0,2,2,Elm Street,Townhouse,0,17.3,6.0,0
316000.0,1140.0,2,1.0,23,3830.0,3,1,Lakeview,Townhouse,0,27.7,10.0,0
332100.0,1896.0,3,2.0,42,2436.0,3,1,Oak Park,Contemporary,0,2.2,4.0,0
376500.0,2311.0,4,3.0,5,2148.0,1,2,Industrial Quarter,Colonial,0,4.6,9.0,1
301600.0,1214.0,1,1.0,14,2213.0,2,2,Riverside Heights,Craftsman,0,3.2,9.0,0
402600.0,1660.0,3,2.0,15,2868.0,3,2,Sunset Hills,Colonial,0,1.8,7.0,0
395400.0,1761.0,3,4.0,4,2401.0,2,2,Maple Grove,Contemporary,0,0.8,8.0,0
103000.0,904.0,2,2.0,79,1032.0,2,2,Industrial Quarter,Colonial,0,0.3,7.0,0
560600.0,2634.0,5,4.0,4,3442.0,1,3,Oak Park,Colonial,0,2.3,6.0,0
160500.0,1089.0,3,3.0,12,900.0,3,2,Industrial Quarter,Townhouse,0,1.1,8.0,0
330700.0,1872.0,2,2.0,2,3968.0,1,1,Elm Street,Craftsman,0,4.5,6.0,0
272200.0,1060.0,3,2.0,27,1801.0,1,1,Riverside Heights,Colonial,0,2.5,5.0,0
176700.0,500.0,2,1.0,0,800.0,2,2,Lakeview,Ranch,0,11.1,7.0,1
399400.0,1298.0,2,3.0,7,2272.0,2,1,Downtown Loft District,Colonial,0,9.3,8.0,1
326000.0,1422.0,3,2.0,4,800.0,1,3,Maple Grove,Contemporary,0,2.2,9.0,0
337400.0,1669.0,3,2.0,4,3255.0,3,2,Maple Grove,Colonial,1,2.8,4.0,0
271900.0,2215.0,5,,88,3255.0,2,1,Industrial Quarter,Townhouse,0,10.1,7.0,0
348500.0,2723.0,5,,17,4106.0,2,2,Industrial Quarter,Townhouse,0,9.6,6.0,1
360900.0,2104.0,3,2.0,14,2180.0,2,1,Elm Street,Townhouse,0,3.3,7.0,1
490400.0,2305.0,4,3.0,4,3199.0,2,1,Lakeview,Townhouse,0,0.9,7.0,0
452600.0,1995.0,4,2.0,6,2569.0,2,2,Riverside Heights,Craftsman,0,4.3,5.0,1
592200.0,2224.0,5,4.0,61,3620.0,0,1,Downtown Loft District,Ranch,1,7.7,6.0,0
293200.0,1085.0,1,1.0,0,800.0,1,1,Downtown Loft District,Ranch,0,2.4,5.0,0
511800.0,2318.0,4,3.0,14,4109.0,2,3,Lakeview,Townhouse,0,4.6,3.0,0
150900.0,959.0,1,1.0,22,800.0,2,2,Maple Grove,Contemporary,0,6.7,4.0,0
365200.0,2440.0,5,4.0,47,3518.0,0,1,Maple Grove,Townhouse,0,12.7,5.0,1
338300.0,2141.0,3,2.0,4,1942.0,1,2,,Ranch,0,23.4,4.0,0
392400.0,1482.0,2,1.0,0,2457.0,2,2,Downtown Loft District,Ranch,0,15.7,6.0,0
269600.0,1302.0,2,2.0,17,2862.0,2,1,Lakeview,Ranch,0,6.4,4.0,0
379100.0,2792.0,4,3.0,5,2138.0,2,1,Industrial Quarter,Ranch,0,0.5,9.0,1
481600.0,1862.0,3,2.0,10,2774.0,2,2,Riverside Heights,Townhouse,0,2.8,9.0,1
535200.0,2304.0,4,3.0,25,3756.0,2,2,Riverside Heights,Colonial,1,3.0,5.0,1
197900.0,1035.0,3,2.0,6,1838.0,2,1,Elm Street,Contemporary,0,14.5,8.0,0
185400.0,1195.0,2,1.0,4,2026.0,1,1,Elm Street,Craftsman,1,19.4,6.0,0
385800.0,2030.0,2,1.0,3,1735.0,1,1,Sunset Hills,Townhouse,0,0.6,3.0,0
532500.0,2860.0,5,3.0,60,5479.0,3,2,Oak Park,Townhouse,0,8.1,6.0,0
543500.0,2083.0,4,4.0,5,2644.0,2,2,Downtown Loft District,Ranch,0,5.4,6.0,0
148400.0,773.0,2,2.0,11,800.0,2,2,Sunset Hills,Ranch,0,17.3,2.0,0
279300.0,1617.0,2,2.0,33,2041.0,2,1,Elm Street,Townhouse,1,15.0,5.0,1
441000.0,2757.0,5,4.0,24,2978.0,2,1,Maple Grove,Craftsman,0,1.3,5.0,0
337300.0,1061.0,3,3.0,4,2439.0,2,1,Riverside Heights,Townhouse,0,0.8,7.0,0
298100.0,1408.0,2,1.0,15,2984.0,2,1,Sunset Hills,Craftsman,0,17.1,6.0,0
281800.0,1433.0,2,2.0,9,2361.0,2,1,Maple Grove,Ranch,0,4.1,8.0,0
275400.0,1394.0,3,2.0,13,1827.0,1,2,Oak Park,Townhouse,0,6.8,7.0,0
241100.0,1716.0,2,1.0,6,2484.0,1,1,Elm Street,Townhouse,0,1.7,7.0,0
236100.0,994.0,2,1.0,64,1732.0,1,3,Riverside Heights,Ranch,0,1.1,6.0,1
283900.0,1669.0,3,2.0,14,3497.0,2,1,Maple Grove,Craftsman,0,2.7,6.0,0
351100.0,1599.0,4,3.0,18,1818.0,1,1,Oak Park,Ranch,1,10.5,7.0,0
328100.0,1517.0,3,2.0,16,2024.0,1,1,Sunset Hills,Townhouse,0,1.1,6.0,0
656000.0,2969.0,6,4.0,6,2385.0,1,2,Lakeview,Ranch,0,7.3,6.0,0
442600.0,2143.0,4,3.0,3,2703.0,3,2,Oak Park,Contemporary,0,5.4,7.0,0
207900.0,902.0,2,1.0,22,1460.0,2,1,Riverside Heights,Townhouse,0,2.6,7.0,0
274500.0,1886.0,4,4.0,61,3014.0,2,1,Elm Street,Townhouse,0,11.3,6.0,0
289700.0,1402.0,2,2.0,49,1039.0,2,2,Riverside Heights,Colonial,0,5.9,2.0,0
173600.0,993.0,2,1.0,15,1234.0,3,2,Elm Street,Contemporary,1,0.3,5.0,0
152100.0,747.0,2,1.0,14,819.0,1,1,Sunset Hills,Colonial,0,3.0,5.0,0
333700.0,1487.0,3,2.0,4,2091.0,1,3,Lakeview,Contemporary,1,4.5,8.0,0
546100.0,2992.0,6,5.0,26,4320.0,0,2,Oak Park,Colonial,0,11.0,4.0,1
576600.0,2335.0,5,3.0,62,3299.0,2,2,Downtown Loft District,Craftsman,0,1.0,5.0,0
449800.0,2178.0,4,3.0,7,3965.0,1,2,Lakeview,Contemporary,0,1.0,7.0,1
285900.0,1310.0,3,2.0,7,1916.0,2,2,Oak Park,Contemporary,0,0.3,4.0,1
541200.0,2295.0,5,5.0,1,2472.0,2,1,Sunset Hills,Craftsman,1,11.3,4.0,0
379800.0,2616.0,6,4.0,10,3129.0,3,2,Industrial Quarter,Craftsman,0,6.9,5.0,1
357600.0,1875.0,3,1.0,6,2632.0,2,1,Oak Park,Townhouse,1,1.8,7.0,0
299000.0,1571.0,3,,11,1934.0,2,2,Maple Grove,Ranch,0,3.5,4.0,1
408800.0,1675.0,4,3.0,73,871.0,2,2,Lakeview,Contemporary,1,4.8,7.0,0
403100.0,1885.0,4,3.0,15,2922.0,2,2,Lakeview,Colonial,0,34.2,6.0,0
301100.0,2094.0,4,3.0,0,2433.0,0,1,Industrial Quarter,Townhouse,1,7.7,6.0,1
203300.0,1089.0,1,1.0,10,1505.0,2,2,Sunset Hills,Craftsman,0,3.4,5.0,0
387900.0,2182.0,3,2.0,11,4167.0,1,1,Sunset Hills,Townhouse,0,3.6,7.0,0
360000.0,2050.0,4,3.0,85,3182.0,2,1,Lakeview,Contemporary,0,10.1,10.0,0
402400.0,3001.0,5,5.0,10,4163.0,0,2,Industrial Quarter,Ranch,0,11.9,8.0,0
451800.0,1895.0,5,4.0,29,3264.0,2,3,Lakeview,Contemporary,0,6.0,9.0,0
641100.0,2822.0,5,3.0,46,4785.0,2,1,Downtown Loft District,Colonial,1,7.1,8.0,0
383700.0,1771.0,3,3.0,35,2118.0,3,3,Sunset Hills,Contemporary,0,21.4,5.0,1
149000.0,500.0,1,1.0,19,1052.0,3,1,Oak Park,Ranch,0,5.3,7.0,1
417600.0,1523.0,2,2.0,25,2424.0,3,2,Downtown Loft District,Townhouse,0,1.5,10.0,1
392200.0,1914.0,3,3.0,0,2795.0,2,1,Maple Grove,Contemporary,0,1.0,9.0,0
315400.0,2070.0,3,2.0,2,1160.0,2,1,Maple Grove,Craftsman,0,11.9,8.0,0
436700.0,2635.0,4,3.0,3,3408.0,2,3,Elm Street,Craftsman,0,7.1,7.0,0
364900.0,,3,3.0,10,2132.0,2,2,Riverside Heights,Townhouse,0,6.9,7.0,0
469300.0,1863.0,3,2.0,3,3140.0,3,3,Sunset Hills,Townhouse,0,6.3,7.0,0
523700.0,2157.0,3,3.0,2,2682.0,3,2,Riverside Heights,Townhouse,0,1.3,8.0,1
249400.0,2318.0,2,2.0,111,3959.0,1,1,Maple Grove,Craftsman,1,9.3,5.0,0
447800.0,2333.0,4,3.0,13,3850.0,2,1,Oak Park,Craftsman,0,18.3,7.0,1
325100.0,2669.0,4,3.0,25,2891.0,2,1,Industrial Quarter,Craftsman,0,1.6,5.0,1
281700.0,1013.0,2,1.0,12,2504.0,2,2,Maple Grove,Colonial,1,3.8,6.0,0
165100.0,500.0,1,1.0,11,948.0,0,2,Riverside Heights,Craftsman,0,0.9,8.0,0
105200.0,546.0,2,1.0,62,2432.0,1,1,Maple Grove,Craftsman,0,1.4,9.0,0
233600.0,1163.0,3,2.0,3,2695.0,3,2,Industrial Quarter,Townhouse,0,2.2,9.0,1
439000.0,2768.0,5,5.0,14,3200.0,2,1,Industrial Quarter,Ranch,0,3.0,7.0,1
499100.0,2614.0,5,3.0,27,4733.0,2,2,Oak Park,Ranch,0,3.1,9.0,1
449400.0,1746.0,3,3.0,22,2018.0,2,2,Downtown Loft District,Craftsman,0,15.7,6.0,0
785100.0,2667.0,5,3.0,32,2821.0,2,2,Downtown Loft District,Ranch,0,11.3,3.0,1
294200.0,1730.0,2,1.0,20,1534.0,1,2,Oak Park,Craftsman,0,1.8,4.0,0
498800.0,1708.0,4,3.0,10,1859.0,3,2,Riverside Heights,Craftsman,0,2.1,6.0,0
320600.0,2212.0,4,3.0,14,3994.0,3,1,Industrial Quarter,Contemporary,1,3.8,6.0,0
389300.0,1772.0,3,3.0,28,3634.0,2,1,Lakeview,Contemporary,0,21.5,9.0,0
376300.0,1393.0,3,3.0,3,2976.0,1,2,Lakeview,Contemporary,0,1.4,9.0,0
406500.0,1849.0,4,3.0,1,2026.0,0,1,Sunset Hills,Contemporary,0,4.4,,1
165600.0,,1,1.0,15,1718.0,1,1,Maple Grove,Ranch,0,6.4,6.0,0
419100.0,1708.0,4,2.0,14,1849.0,2,3,Sunset Hills,Townhouse,1,14.9,4.0,0
310500.0,1629.0,3,2.0,22,1590.0,2,2,Sunset Hills,Colonial,0,0.7,9.0,0
473500.0,2075.0,3,2.0,11,4572.0,2,2,Riverside Heights,Colonial,0,2.8,6.0,0
562400.0,2379.0,4,2.0,0,2464.0,0,1,Sunset Hills,Craftsman,1,3.4,9.0,0
335700.0,1937.0,4,3.0,2,2279.0,2,1,Elm Street,Colonial,0,14.2,6.0,1
568300.0,2613.0,4,3.0,87,4009.0,3,2,Lakeview,Townhouse,0,7.8,6.0,0
357500.0,2379.0,4,3.0,13,4665.0,1,3,Industrial Quarter,Craftsman,0,0.3,8.0,1
177400.0,1178.0,2,1.0,16,2063.0,0,2,Elm Street,Craftsman,0,6.5,5.0,0
495500.0,2532.0,4,3.0,47,3232.0,3,2,Oak Park,Townhouse,0,0.8,9.0,0
338500.0,1978.0,4,4.0,0,2881.0,1,2,Oak Park,Contemporary,0,45.0,8.0,0
463900.0,2457.0,5,4.0,30,3452.0,2,3,Sunset Hills,Craftsman,0,17.9,8.0,0
311400.0,2013.0,3,2.0,17,2195.0,2,2,Maple Grove,Colonial,0,9.9,4.0,0
233900.0,1507.0,3,2.0,24,2177.0,3,2,Industrial Quarter,Ranch,0,2.7,5.0,0
371000.0,2048.0,4,3.0,11,3732.0,1,1,Maple Grove,Townhouse,0,0.3,9.0,0
424800.0,2221.0,2,1.0,94,3200.0,2,1,Riverside Heights,Craftsman,0,9.6,6.0,0
542100.0,2251.0,4,4.0,0,3386.0,2,1,Oak Park,Colonial,0,3.4,7.0,0
303900.0,1847.0,2,2.0,10,3340.0,1,2,Maple Grove,Contemporary,0,15.4,7.0,0
408100.0,2793.0,5,4.0,6,5471.0,2,1,,Townhouse,0,1.7,4.0,1
270400.0,1065.0,1,1.0,6,2603.0,2,1,Sunset Hills,Craftsman,1,2.7,7.0,0
196400.0,793.0,1,1.0,4,800.0,2,2,Riverside Heights,Colonial,0,2.2,3.0,0
468900.0,2219.0,4,3.0,18,4000.0,2,1,Sunset Hills,Contemporary,0,7.1,8.0,1
343400.0,2172.0,4,3.0,7,2212.0,2,1,Industrial Quarter,Colonial,0,3.1,3.0,0
341200.0,1740.0,4,2.0,5,3609.0,0,1,Oak Park,Colonial,0,29.9,7.0,0
303200.0,946.0,2,2.0,22,2815.0,3,1,Downtown Loft District,Ranch,0,4.0,,0
352900.0,2175.0,4,4.0,12,2205.0,2,1,Elm Street,Contemporary,0,3.2,6.0,0
497400.0,1995.0,4,3.0,3,3708.0,2,1,Lakeview,Townhouse,0,20.1,8.0,1
390900.0,2074.0,3,2.0,24,2525.0,2,2,Sunset Hills,Contemporary,0,0.9,6.0,0
245700.0,1538.0,2,2.0,1,2706.0,3,2,Elm Street,Ranch,0,24.7,7.0,0
283300.0,1362.0,2,2.0,65,2490.0,2,1,Downtown Loft District,Colonial,0,14.1,3.0,0
386800.0,1735.0,4,4.0,1,2752.0,3,1,Lakeview,Colonial,0,20.4,6.0,1
423300.0,2644.0,4,3.0,59,3753.0,1,2,Elm Street,Townhouse,1,0.7,10.0,0
180200.0,953.0,1,1.0,29,2910.0,3,2,Oak Park,Craftsman,0,20.6,8.0,0
400000.0,,4,4.0,13,3796.0,3,1,Oak Park,Ranch,0,13.1,6.0,0
395800.0,1851.0,3,2.0,0,2808.0,1,2,Oak Park,Craftsman,0,7.0,10.0,0
190500.0,1196.0,2,1.0,50,800.0,1,3,Industrial Quarter,Colonial,1,2.3,8.0,1
641200.0,2417.0,4,3.0,14,5162.0,2,2,Riverside Heights,Ranch,0,5.9,6.0,0
311400.0,1676.0,4,2.0,29,2837.0,3,2,Industrial Quarter,Ranch,1,1.5,,1
130300.0,,1,1.0,41,800.0,2,1,Maple Grove,Contemporary,0,6.1,9.0,0
564100.0,2337.0,4,4.0,30,4724.0,2,2,Riverside Heights,Colonial,0,9.7,5.0,0
176400.0,746.0,1,1.0,9,800.0,3,3,Industrial Quarter,Ranch,1,10.6,7.0,1
307300.0,1834.0,4,3.0,0,3833.0,2,2,Industrial Quarter,Ranch,0,3.2,7.0,0
303800.0,2068.0,4,2.0,15,2174.0,0,2,Maple Grove,Contemporary,0,7.5,3.0,1
292200.0,1840.0,3,2.0,38,2207.0,1,2,Elm Street,Ranch,0,3.8,8.0,1
484800.0,1966.0,4,3.0,29,3903.0,2,1,Riverside Heights,Ranch,0,6.0,8.0,0
266500.0,1867.0,4,3.0,73,2325.0,2,2,Maple Grove,Townhouse,0,8.0,6.0,0
328600.0,1685.0,3,2.0,26,2767.0,2,3,Oak Park,Craftsman,0,3.8,4.0,1
443200.0,2381.0,5,3.0,2,2854.0,1,2,Maple Grove,Contemporary,0,4.8,9.0,1
552900.0,2285.0,4,2.0,29,3935.0,3,2,Lakeview,Townhouse,0,8.9,10.0,1
293800.0,2206.0,3,2.0,6,3598.0,0,2,Elm Street,Contemporary,1,13.2,6.0,0
343800.0,1278.0,1,1.0,23,1325.0,3,1,Riverside Heights,Craftsman,0,10.3,10.0,0
381100.0,1568.0,2,1.0,8,3341.0,2,1,Riverside Heights,Craftsman,0,2.3,5.0,0
210700.0,1136.0,2,2.0,15,900.0,1,1,Maple Grove,Contemporary,0,9.2,9.0,0
705600.0,3074.0,5,4.0,12,4169.0,1,1,Sunset Hills,Craftsman,0,0.7,6.0,1
490900.0,2218.0,3,3.0,22,3734.0,2,3,Lakeview,Ranch,0,6.8,5.0,0
161400.0,993.0,1,1.0,22,973.0,2,3,Sunset Hills,Contemporary,0,44.0,10.0,0
375500.0,1579.0,3,2.0,2,1363.0,2,1,Oak Park,Colonial,0,0.5,8.0,0
284800.0,1913.0,3,2.0,3,2686.0,2,1,Industrial Quarter,Ranch,0,5.9,8.0,0
320300.0,1164.0,2,2.0,8,1414.0,1,1,Downtown Loft District,Townhouse,0,3.9,6.0,0
382200.0,2342.0,4,4.0,11,3835.0,2,3,Industrial Quarter,Craftsman,1,3.7,8.0,0
269100.0,2127.0,4,3.0,18,2904.0,2,1,Industrial Quarter,Ranch,0,4.9,5.0,0
437100.0,2614.0,5,3.0,3,3068.0,1,1,Maple Grove,Colonial,0,5.5,6.0,0
434000.0,1897.0,4,4.0,51,2944.0,1,2,Riverside Heights,Townhouse,0,8.4,6.0,0
156800.0,997.0,1,1.0,2,2832.0,3,3,Industrial Quarter,Colonial,0,9.8,6.0,0
394500.0,1971.0,4,3.0,11,3096.0,2,1,Elm Street,Ranch,0,5.0,8.0,1
310400.0,1907.0,3,2.0,38,1958.0,2,1,Maple Grove,Contemporary,0,0.3,7.0,0
317000.0,1328.0,3,3.0,8,1654.0,0,1,Sunset Hills,Ranch,1,1.1,5.0,0
606800.0,2453.0,5,4.0,17,3997.0,2,2,Riverside Heights,Townhouse,0,16.6,4.0,0
235500.0,1390.0,2,1.0,1,1504.0,2,2,Maple Grove,Contemporary,0,27.3,6.0,1
510900.0,2015.0,5,4.0,3,2787.0,1,1,Riverside Heights,Townhouse,0,12.8,8.0,1
342000.0,1679.0,4,4.0,43,1680.0,1,1,Sunset Hills,Craftsman,0,0.6,4.0,0
235000.0,1109.0,2,1.0,25,1781.0,2,1,Downtown Loft District,Craftsman,0,40.4,7.0,0
545500.0,2529.0,5,4.0,14,2307.0,2,2,Sunset Hills,Craftsman,0,7.2,6.0,0
501300.0,2528.0,5,4.0,17,2625.0,1,1,Sunset Hills,Townhouse,0,6.3,8.0,0
412900.0,2505.0,5,5.0,5,3205.0,2,3,Elm Street,Townhouse,0,4.7,6.0,0
245800.0,1416.0,2,1.0,10,1296.0,2,2,Maple Grove,Craftsman,0,16.9,5.0,0
142000.0,928.0,2,1.0,2,2418.0,2,2,Industrial Quarter,Colonial,0,29.9,6.0,0
599800.0,2162.0,3,1.0,4,2713.0,2,1,Downtown Loft District,Townhouse,0,1.6,6.0,0
415400.0,3091.0,5,4.0,42,4703.0,2,1,Elm Street,Craftsman,0,33.3,7.0,0
480900.0,2434.0,4,3.0,13,3804.0,1,2,Lakeview,Colonial,0,33.9,7.0,0
316000.0,1570.0,3,1.0,1,2897.0,1,2,Sunset Hills,Colonial,0,1.5,6.0,0
682500.0,2832.0,6,5.0,4,4414.0,2,1,Riverside Heights,Craftsman,0,11.1,9.0,0
265600.0,1363.0,4,4.0,4,1226.0,2,1,Industrial Quarter,Townhouse,0,16.6,9.0,1
206100.0,1786.0,2,2.0,45,1421.0,2,2,Industrial Quarter,Colonial,0,12.9,10.0,0
231400.0,1798.0,3,3.0,19,1610.0,1,2,Elm Street,Colonial,0,0.3,7.0,1
194900.0,1362.0,2,1.0,26,905.0,0,1,Oak Park,Colonial,0,10.6,6.0,0
586100.0,2619.0,4,3.0,6,3438.0,2,2,Downtown Loft District,Ranch,0,3.5,5.0,0
265500.0,1108.0,2,1.0,7,800.0,3,2,Oak Park,Craftsman,0,5.5,9.0,1
482100.0,2354.0,4,4.0,22,4050.0,3,3,Oak Park,Ranch,0,11.9,6.0,0
736200.0,2659.0,5,5.0,11,2777.0,2,2,Downtown Loft District,Townhouse,0,7.1,8.0,0
326600.0,1784.0,2,2.0,16,,2,2,Maple Grove,Craftsman,0,4.0,8.0,0
486200.0,2616.0,5,4.0,12,3182.0,1,1,Sunset Hills,Contemporary,0,9.6,4.0,0
244800.0,1513.0,3,2.0,97,2295.0,2,2,Maple Grove,Craftsman,0,3.1,9.0,0
196500.0,1023.0,2,1.0,40,800.0,1,1,Sunset Hills,Contemporary,0,7.1,4.0,0
131400.0,500.0,2,1.0,12,950.0,2,1,Oak Park,Colonial,0,22.3,,0
466500.0,2565.0,5,4.0,7,4766.0,2,3,Maple Grove,Ranch,0,8.9,6.0,0
90500.0,500.0,1,1.0,49,977.0,1,1,Maple Grove,Craftsman,0,4.2,8.0,0
230100.0,1357.0,2,1.0,8,981.0,1,2,Maple Grove,Colonial,0,0.3,3.0,0
249000.0,2112.0,4,3.0,4,2403.0,1,2,Industrial Quarter,Ranch,0,21.2,7.0,0
381500.0,2590.0,4,3.0,40,2665.0,1,2,Maple Grove,Contemporary,0,1.8,6.0,0
535400.0,2600.0,5,4.0,66,1669.0,0,1,Lakeview,Colonial,0,2.1,8.0,0
438500.0,1940.0,4,2.0,7,2555.0,1,2,Sunset Hills,Ranch,0,7.2,9.0,0
513400.0,2012.0,3,3.0,20,4157.0,1,2,Riverside Heights,Townhouse,1,22.0,7.0,0
548600.0,2623.0,5,5.0,1,3795.0,2,1,Lakeview,Colonial,0,4.1,6.0,0
476900.0,2164.0,5,4.0,13,2877.0,2,1,Oak Park,Ranch,0,5.5,,1
505300.0,1960.0,4,3.0,8,2528.0,3,2,Downtown Loft District,Ranch,0,4.4,8.0,0
753000.0,3318.0,5,4.0,15,4556.0,2,2,Riverside Heights,Ranch,0,7.9,6.0,1
216500.0,1564.0,4,2.0,41,2400.0,2,2,Industrial Quarter,Townhouse,0,0.7,5.0,0
348800.0,1288.0,1,1.0,12,800.0,1,1,Downtown Loft District,Contemporary,1,0.3,9.0,0
80200.0,500.0,1,1.0,6,800.0,1,2,Industrial Quarter,Townhouse,0,17.6,6.0,1
491900.0,2228.0,5,4.0,13,3800.0,2,2,Riverside Heights,Townhouse,0,0.3,5.0,1
293300.0,1684.0,3,1.0,8,2547.0,2,2,,Ranch,0,10.6,6.0,0
250900.0,1705.0,3,2.0,53,1698.0,3,2,Elm Street,Ranch,0,6.6,6.0,0
413500.0,1791.0,4,3.0,48,1599.0,2,1,Lakeview,Colonial,0,5.3,5.0,0
700700.0,2570.0,4,3.0,5,4181.0,2,1,Downtown Loft District,Townhouse,0,10.1,4.0,0
176900.0,1019.0,2,1.0,1,800.0,1,2,Maple Grove,Contemporary,0,0.7,5.0,0
262100.0,1257.0,2,1.0,12,1972.0,1,2,Sunset Hills,Craftsman,0,0.7,5.0,1
96900.0,1126.0,1,1.0,87,1959.0,1,1,Elm Street,Colonial,0,9.6,6.0,0
228300.0,1200.0,2,1.0,9,1787.0,1,1,Maple Grove,Ranch,1,7.9,7.0,0
418800.0,2226.0,4,3.0,22,2064.0,2,1,Oak Park,Contemporary,0,6.7,7.0,1
394600.0,2702.0,5,,13,3063.0,2,3,Elm Street,Colonial,0,1.7,5.0,0
216900.0,1702.0,3,3.0,20,1781.0,1,1,Industrial Quarter,Ranch,0,7.7,5.0,0
278500.0,912.0,2,2.0,2,1716.0,1,3,Downtown Loft District,Townhouse,0,0.9,5.0,0
231400.0,884.0,2,1.0,4,1717.0,0,1,Downtown Loft District,Townhouse,0,5.3,6.0,0
309300.0,1058.0,2,1.0,19,3040.0,2,3,Downtown Loft District,Townhouse,0,6.2,2.0,1
291600.0,2054.0,4,3.0,9,2880.0,2,2,Industrial Quarter,Craftsman,0,15.2,8.0,0
124300.0,1193.0,2,1.0,84,800.0,1,1,Elm Street,Townhouse,0,8.3,6.0,0
372300.0,2060.0,4,3.0,9,3298.0,3,1,Industrial Quarter,Colonial,1,4.6,7.0,0
273700.0,1061.0,2,2.0,3,934.0,2,2,Lakeview,Townhouse,0,4.0,5.0,0
304100.0,1336.0,3,2.0,5,1608.0,2,2,Lakeview,Ranch,0,5.3,7.0,0
337800.0,1973.0,5,3.0,2,3163.0,0,1,Maple Grove,Townhouse,1,8.9,6.0,0
240900.0,1107.0,2,1.0,13,2532.0,2,2,Lakeview,Contemporary,0,12.8,5.0,0
329100.0,3256.0,5,4.0,89,4933.0,3,1,Elm Street,Craftsman,0,26.9,4.0,0
458700.0,1954.0,4,3.0,11,1356.0,1,1,Riverside Heights,Contemporary,0,0.3,5.0,0
259500.0,1293.0,2,2.0,26,800.0,0,2,Oak Park,Townhouse,1,0.3,6.0,1
206200.0,1323.0,2,1.0,32,3091.0,2,3,Industrial Quarter,Colonial,0,0.3,7.0,0
301100.0,1431.0,3,2.0,3,1095.0,1,1,Maple Grove,Contemporary,1,2.6,8.0,0
292700.0,1288.0,3,1.0,1,2700.0,0,2,Riverside Heights,Craftsman,0,1.6,5.0,1
555900.0,2620.0,5,4.0,19,2298.0,1,1,Sunset Hills,Craftsman,0,5.7,7.0,1
499700.0,1915.0,4,2.0,9,1999.0,2,2,Riverside Heights,Townhouse,1,6.1,7.0,0
545400.0,2216.0,5,4.0,8,2762.0,2,2,Riverside Heights,Colonial,1,3.3,6.0,1
480900.0,1591.0,4,4.0,11,3001.0,2,3,Riverside Heights,Ranch,0,13.1,10.0,0
330400.0,1089.0,3,,35,1726.0,3,3,Riverside Heights,Ranch,0,2.6,5.0,0
391600.0,1995.0,3,2.0,13,1256.0,2,3,Oak Park,Contemporary,0,5.6,9.0,1
420600.0,2446.0,6,5.0,3,2646.0,3,1,Elm Street,Colonial,0,5.4,6.0,0
406300.0,1823.0,4,2.0,41,2801.0,1,2,Downtown Loft District,Colonial,0,22.0,3.0,1
271500.0,1771.0,2,1.0,5,3351.0,2,1,Industrial Quarter,Ranch,0,6.8,9.0,1
259900.0,1173.0,3,3.0,34,3038.0,0,3,Riverside Heights,Contemporary,0,7.3,3.0,1
437900.0,2229.0,5,4.0,15,3730.0,1,2,Oak Park,Ranch,0,9.7,8.0,0
622400.0,2821.0,5,4.0,7,4553.0,0,2,Lakeview,Colonial,0,5.5,6.0,0
313600.0,2050.0,4,3.0,5,2664.0,1,1,Industrial Quarter,Colonial,0,7.8,8.0,0
660800.0,2544.0,5,4.0,11,2111.0,2,2,Downtown Loft District,Ranch,0,3.3,7.0,0
700600.0,2606.0,5,4.0,11,4177.0,1,1,Riverside Heights,Colonial,1,8.6,7.0,0
666200.0,2821.0,6,4.0,3,4468.0,0,1,Sunset Hills,Craftsman,1,4.6,5.0,1
534600.0,3273.0,6,4.0,49,4944.0,2,1,Maple Grove,Ranch,0,4.1,,1
302400.0,1689.0,3,2.0,3,2908.0,1,2,Elm Street,Townhouse,1,0.3,4.0,0
292700.0,2303.0,4,3.0,6,2725.0,1,1,Industrial Quarter,Colonial,0,22.0,5.0,0
169500.0,1192.0,3,,16,2567.0,2,2,Industrial Quarter,Ranch,1,7.0,2.0,0
463200.0,2467.0,4,4.0,9,3949.0,0,1,Maple Grove,Contemporary,0,2.3,9.0,0
107500.0,614.0,2,2.0,54,800.0,0,2,Elm Street,Craftsman,0,2.4,8.0,0
564800.0,2378.0,3,2.0,7,3573.0,2,2,Sunset Hills,Colonial,0,3.0,6.0,0
336400.0,1877.0,5,4.0,22,3849.0,2,1,Maple Grove,Colonial,0,7.3,8.0,0
352400.0,1489.0,4,3.0,12,3191.0,2,1,Sunset Hills,Craftsman,0,3.2,7.0,1
325900.0,1282.0,3,2.0,4,1769.0,1,2,Sunset Hills,Craftsman,0,1.3,8.0,0
204700.0,1256.0,2,1.0,10,2459.0,1,1,Elm Street,Ranch,0,0.9,7.0,0
434800.0,,4,3.0,53,4825.0,1,1,Lakeview,Craftsman,0,1.7,4.0,0
391700.0,1966.0,3,2.0,4,2840.0,3,2,Oak Park,Craftsman,0,17.3,7.0,0
418600.0,2155.0,4,3.0,28,2034.0,2,2,Oak Park,Craftsman,0,11.8,8.0,0
226300.0,1276.0,2,2.0,24,2423.0,1,2,Elm Street,Townhouse,0,3.7,6.0,0
299800.0,2419.0,5,3.0,41,2394.0,3,3,Elm Street,Ranch,0,2.4,5.0,0
339300.0,1817.0,4,3.0,21,1955.0,1,2,Maple Grove,Colonial,0,1.7,7.0,0
241700.0,909.0,2,2.0,13,800.0,2,1,Sunset Hills,Colonial,1,0.3,6.0,0
222300.0,1051.0,1,1.0,37,3152.0,1,1,Lakeview,Colonial,0,19.6,5.0,0
293500.0,2033.0,4,2.0,26,3087.0,2,1,Industrial Quarter,Townhouse,0,3.0,8.0,1
375900.0,2204.0,4,3.0,33,2647.0,2,2,Elm Street,Colonial,0,10.7,9.0,0
433800.0,2207.0,3,2.0,20,2543.0,2,1,Riverside Heights,Townhouse,0,2.3,4.0,0
349700.0,1638.0,3,2.0,2,1134.0,3,1,Maple Grove,Colonial,0,2.7,,0
266900.0,2052.0,3,3.0,20,5337.0,0,1,Elm Street,Ranch,0,10.7,5.0,0
232700.0,1237.0,2,2.0,5,1679.0,2,1,Industrial Quarter,Contemporary,1,5.5,5.0,0
513100.0,1943.0,4,3.0,19,3686.0,2,3,Downtown Loft District,Craftsman,0,10.1,6.0,0
544100.0,2395.0,5,4.0,34,4190.0,1,2,Riverside Heights,Ranch,0,2.2,6.0,0
659000.0,3152.0,5,3.0,0,4612.0,1,1,Oak Park,Townhouse,0,8.7,7.0,0
248500.0,1394.0,3,2.0,23,800.0,1,1,Elm Street,Contemporary,0,3.2,8.0,0
559000.0,2164.0,5,4.0,11,2720.0,2,2,Lakeview,Ranch,0,13.3,6.0,1
400600.0,2516.0,5,4.0,15,4451.0,1,2,Elm Street,Craftsman,0,6.2,8.0,1
207600.0,1846.0,3,2.0,12,2075.0,1,2,Elm Street,Craftsman,0,29.6,4.0,0
337400.0,2556.0,5,4.0,72,3397.0,2,1,Industrial Quarter,Craftsman,0,0.3,7.0,0
489200.0,2213.0,4,3.0,17,1570.0,2,2,Lakeview,Craftsman,0,1.7,6.0,0
218800.0,1135.0,4,4.0,30,800.0,2,1,Industrial Quarter,Contemporary,0,7.0,6.0,0
325100.0,1372.0,3,2.0,8,1778.0,0,2,Lakeview,Contemporary,1,37.2,6.0,0
288200.0,1826.0,4,3.0,5,,2,1,Industrial Quarter,Craftsman,0,3.3,8.0,1
188400.0,1580.0,3,2.0,89,3045.0,3,1,Elm Street,Colonial,0,6.3,,0
184800.0,1130.0,3,2.0,17,800.0,3,2,Industrial Quarter,Townhouse,0,17.7,5.0,0
401500.0,2598.0,5,4.0,23,4007.0,2,1,Oak Park,Contemporary,0,2.0,6.0,1
319100.0,1631.0,3,2.0,20,1956.0,2,2,Sunset Hills,Craftsman,0,18.8,5.0,0
341900.0,1795.0,3,3.0,2,1329.0,0,2,Oak Park,Craftsman,0,18.4,8.0,0
505700.0,3632.0,7,5.0,3,4679.0,1,2,Industrial Quarter,Colonial,0,12.6,8.0,0
390700.0,1459.0,4,4.0,15,1413.0,1,1,Downtown Loft District,Ranch,0,6.4,7.0,0
241000.0,597.0,2,1.0,2,1167.0,3,2,Downtown Loft District,Ranch,0,11.5,9.0,0
309700.0,1605.0,3,2.0,16,2476.0,2,2,Oak Park,Townhouse,0,6.5,5.0,0
525700.0,1899.0,4,3.0,15,1835.0,2,1,Downtown Loft District,Townhouse,0,4.4,7.0,1
216800.0,973.0,1,1.0,11,1057.0,2,3,Oak Park,Colonial,0,2.5,6.0,0
517100.0,2622.0,5,4.0,9,3471.0,2,2,Oak Park,Townhouse,0,8.1,6.0,0
582700.0,2459.0,3,3.0,31,2558.0,2,3,Lakeview,Colonial,1,0.6,8.0,1
567700.0,2340.0,4,3.0,10,3086.0,3,1,Riverside Heights,Colonial,0,1.4,9.0,1
384300.0,1926.0,4,4.0,46,2792.0,2,2,Oak Park,Craftsman,0,0.3,10.0,0
65800.0,620.0,1,1.0,73,800.0,2,2,Industrial Quarter,Townhouse,0,5.1,6.0,0
139500.0,500.0,2,2.0,36,1244.0,1,2,Oak Park,Colonial,0,0.3,9.0,0
697400.0,2474.0,4,3.0,2,3136.0,1,1,Riverside Heights,Colonial,0,8.8,10.0,1
450200.0,1847.0,5,3.0,7,2812.0,2,1,Lakeview,Craftsman,0,19.8,8.0,0
212200.0,990.0,3,2.0,6,800.0,2,2,Elm Street,Craftsman,0,0.3,10.0,0
497100.0,2530.0,5,4.0,26,3901.0,0,2,Oak Park,Ranch,0,16.8,6.0,0
326000.0,1855.0,4,3.0,23,2591.0,3,1,Maple Grove,Colonial,0,20.3,10.0,0
213800.0,959.0,2,1.0,22,1958.0,0,1,Lakeview,Craftsman,0,2.9,8.0,0
560800.0,2025.0,5,4.0,24,3427.0,2,2,Riverside Heights,Ranch,0,4.4,5.0,0
249000.0,1476.0,2,3.0,17,2112.0,2,2,Elm Street,Townhouse,0,1.0,7.0,0
150200.0,500.0,1,2.0,17,978.0,2,2,Oak Park,Ranch,0,3.0,7.0,0
391800.0,1963.0,4,2.0,20,2332.0,3,1,Oak Park,Ranch,0,2.7,3.0,0
392400.0,1526.0,2,2.0,9,2140.0,3,1,Sunset Hills,Contemporary,0,2.3,10.0,0
388300.0,1929.0,4,3.0,8,3093.0,2,1,Maple Grove,Colonial,0,5.8,6.0,0
603900.0,2521.0,5,4.0,6,3917.0,0,1,Riverside Heights,Contemporary,0,8.0,9.0,0
113100.0,781.0,2,1.0,55,825.0,2,3,Maple Grove,Craftsman,0,13.4,4.0,0
96600.0,507.0,1,1.0,14,1766.0,0,2,Elm Street,Contemporary,0,4.1,7.0,0
608200.0,2541.0,5,4.0,15,3246.0,2,1,Riverside Heights,Colonial,0,7.8,4.0,0
463400.0,3295.0,5,4.0,11,4164.0,3,1,Elm Street,Craftsman,0,0.9,7.0,0
132300.0,779.0,2,2.0,10,1610.0,0,1,Elm Street,Ranch,0,1.3,5.0,0
353800.0,1481.0,4,2.0,7,2544.0,0,1,Riverside Heights,Contemporary,0,10.3,10.0,0
570400.0,2156.0,4,3.0,0,2390.0,2,1,Downtown Loft District,Colonial,0,20.9,6.0,0
284600.0,1583.0,3,3.0,23,2118.0,2,1,Industrial Quarter,Ranch,1,6.8,8.0,0
271600.0,1629.0,3,2.0,9,1331.0,2,3,Industrial Quarter,Craftsman,1,1.4,6.0,1
604500.0,2132.0,4,3.0,0,4149.0,1,2,Riverside Heights,Contemporary,0,5.3,9.0,1
154800.0,1407.0,3,2.0,93,2525.0,3,1,Elm Street,Craftsman,0,8.8,6.0,0
325200.0,1409.0,2,,9,2141.0,2,2,Sunset Hills,Craftsman,0,1.8,7.0,0
320300.0,1378.0,2,1.0,9,2431.0,3,1,Oak Park,Ranch,0,4.4,8.0,0
223800.0,1661.0,2,1.0,6,800.0,1,2,Elm Street,Townhouse,0,1.9,4.0,1
463000.0,1776.0,3,3.0,11,2389.0,2,2,Lakeview,Townhouse,0,7.9,10.0,1
257100.0,1252.0,2,1.0,21,2670.0,0,1,Riverside Heights,Ranch,0,4.7,9.0,0
205200.0,1326.0,2,2.0,10,1801.0,2,1,Maple Grove,Contemporary,0,44.5,9.0,1
434300.0,1937.0,6,4.0,7,3361.0,2,1,Oak Park,Colonial,0,2.7,10.0,0
216400.0,1495.0,2,1.0,8,1866.0,1,2,Industrial Quarter,Ranch,0,5.2,5.0,0
150300.0,500.0,1,1.0,3,2057.0,2,1,Lakeview,Craftsman,0,7.7,5.0,0
220900.0,1430.0,1,1.0,65,,1,2,Sunset Hills,Colonial,1,14.8,5.0,0
214400.0,1197.0,2,1.0,15,1892.0,2,2,Maple Grove,Craftsman,0,19.0,7.0,0
571400.0,2153.0,4,3.0,3,3149.0,2,1,Riverside Heights,Colonial,1,1.6,5.0,0
366400.0,1935.0,2,1.0,26,2660.0,2,1,Lakeview,Townhouse,0,21.8,6.0,0
266000.0,1028.0,2,1.0,18,800.0,3,2,Sunset Hills,Colonial,0,10.5,3.0,0
126400.0,601.0,1,1.0,22,800.0,3,1,Maple Grove,Craftsman,0,2.7,4.0,0
181900.0,851.0,1,1.0,15,1998.0,1,3,Maple Grove,Ranch,0,0.3,10.0,0
484500.0,2126.0,4,4.0,7,3195.0,0,1,Lakeview,Townhouse,0,2.7,7.0,0
524100.0,2789.0,5,4.0,4,4060.0,2,1,Elm Street,Craftsman,0,7.4,8.0,1
434800.0,1564.0,3,2.0,1,2984.0,2,1,Riverside Heights,Ranch,1,20.9,6.0,1
519600.0,2621.0,5,4.0,19,,3,2,Maple Grove,Townhouse,1,0.3,5.0,0
455500.0,1850.0,3,2.0,19,2917.0,0,2,Lakeview,Colonial,0,8.6,8.0,1
314700.0,1635.0,4,3.0,16,2352.0,3,1,Elm Street,Contemporary,1,6.3,6.0,0
134700.0,703.0,1,1.0,10,1743.0,1,1,Elm Street,Townhouse,0,2.1,5.0,1
330700.0,1271.0,2,2.0,7,2135.0,0,3,Lakeview,Townhouse,0,5.1,8.0,1
611500.0,2356.0,4,3.0,17,3489.0,3,2,Riverside Heights,Townhouse,0,1.5,8.0,0
358700.0,1603.0,3,2.0,3,,2,1,Oak Park,Ranch,0,1.6,5.0,0
216600.0,1396.0,3,2.0,17,2432.0,2,2,Elm Street,Ranch,0,12.4,5.0,0
320000.0,1559.0,2,2.0,38,2843.0,2,2,Sunset Hills,Craftsman,1,2.3,3.0,0
510200.0,2100.0,3,1.0,4,3869.0,3,2,Downtown Loft District,Townhouse,0,29.9,6.0,1
377200.0,3010.0,5,4.0,5,4815.0,1,1,Industrial Quarter,Colonial,0,33.6,8.0,0
220100.0,1770.0,3,3.0,5,2661.0,1,1,Elm Street,Ranch,0,12.1,8.0,0
313400.0,1588.0,3,3.0,1,2137.0,1,1,Maple Grove,Townhouse,0,3.9,8.0,0
430400.0,3001.0,6,3.0,90,3938.0,2,2,Elm Street,Contemporary,0,6.2,10.0,0
851600.0,2794.0,5,4.0,36,4721.0,1,2,Downtown Loft District,Townhouse,1,2.2,6.0,1
256100.0,1063.0,2,1.0,18,1790.0,2,1,Riverside Heights,Ranch,0,2.2,10.0,0
401900.0,1865.0,2,2.0,0,3267.0,2,1,Sunset Hills,Ranch,0,0.6,8.0,0
149300.0,866.0,2,2.0,32,,2,2,Elm Street,Craftsman,0,17.0,8.0,0
476900.0,2293.0,4,3.0,0,2651.0,1,1,Lakeview,Townhouse,0,2.9,6.0,0
261100.0,2097.0,4,3.0,29,1263.0,0,2,Maple Grove,Contemporary,0,16.9,8.0,1
222700.0,933.0,1,1.0,2,2130.0,2,2,Lakeview,Craftsman,0,7.9,6.0,0
310600.0,2009.0,3,1.0,27,4760.0,3,3,Elm Street,Contemporary,0,6.0,8.0,0
482500.0,2664.0,6,4.0,22,2999.0,0,1,Maple Grove,Colonial,0,0.7,6.0,1
147000.0,1002.0,1,1.0,16,1633.0,2,2,Maple Grove,Townhouse,0,21.5,5.0,0
658400.0,2928.0,6,5.0,15,3488.0,3,1,Riverside Heights,Ranch,0,4.1,9.0,0
399000.0,2837.0,4,3.0,4,3434.0,2,2,Industrial Quarter,Colonial,0,3.5,5.0,1
342300.0,2044.0,3,2.0,20,3736.0,1,2,Maple Grove,Townhouse,0,2.0,7.0,0
517700.0,2394.0,3,3.0,2,3644.0,1,1,Sunset Hills,Ranch,0,2.0,9.0,1
360800.0,2235.0,4,3.0,43,2786.0,1,1,Oak Park,Contemporary,0,6.1,6.0,0
316700.0,1289.0,3,2.0,19,2320.0,0,1,Sunset Hills,Craftsman,0,1.0,6.0,1
293300.0,1819.0,3,3.0,48,2876.0,3,1,Oak Park,Contemporary,0,29.2,6.0,0
242600.0,2021.0,3,2.0,44,3756.0,3,2,Industrial Quarter,Townhouse,0,14.5,,0
244900.0,1411.0,4,3.0,13,1943.0,2,1,Industrial Quarter,Townhouse,0,0.9,7.0,0
359700.0,2686.0,5,3.0,53,4471.0,2,1,Industrial Quarter,Colonial,0,14.2,7.0,1
649900.0,2604.0,5,4.0,5,3587.0,0,2,Downtown Loft District,Colonial,0,1.9,9.0,0
218400.0,871.0,1,1.0,21,2713.0,2,1,Sunset Hills,Colonial,0,8.8,10.0,0
324600.0,2398.0,4,3.0,28,1402.0,1,2,Elm Street,Townhouse,0,9.6,6.0,0
473700.0,1933.0,3,2.0,5,3277.0,2,3,Riverside Heights,Ranch,0,20.1,7.0,0
198300.0,1129.0,1,1.0,35,1398.0,3,1,Elm Street,Townhouse,1,3.3,10.0,0
337700.0,1681.0,3,2.0,16,2944.0,2,1,Sunset Hills,Craftsman,0,3.8,6.0,0
392300.0,2385.0,4,3.0,28,3674.0,2,2,Elm Street,Townhouse,1,1.1,7.0,1
352500.0,1594.0,3,2.0,12,3709.0,2,1,Oak Park,Townhouse,1,8.2,8.0,0
333900.0,1943.0,3,2.0,8,3501.0,2,2,Elm Street,Contemporary,1,2.3,8.0,0
600400.0,2106.0,4,2.0,2,3163.0,2,3,Downtown Loft District,Craftsman,0,14.5,8.0,0
328500.0,1269.0,3,3.0,23,1624.0,2,2,Lakeview,Craftsman,0,15.6,8.0,0
312500.0,1290.0,2,1.0,0,800.0,0,2,Riverside Heights,Townhouse,0,17.3,7.0,0
357700.0,1700.0,4,4.0,62,2387.0,1,2,Sunset Hills,Townhouse,0,9.6,3.0,1
241900.0,1456.0,3,2.0,64,997.0,2,2,Oak Park,Contemporary,0,10.0,6.0,0
246900.0,827.0,3,2.0,51,1527.0,3,3,Sunset Hills,Contemporary,0,8.9,9.0,1
328100.0,2128.0,4,4.0,16,3734.0,3,2,Industrial Quarter,Colonial,0,19.5,7.0,0
264900.0,1049.0,3,2.0,10,1216.0,2,1,Sunset Hills,Ranch,0,12.2,7.0,0
136200.0,867.0,2,1.0,34,1126.0,2,2,Industrial Quarter,Townhouse,0,4.1,6.0,0
417000.0,1785.0,4,2.0,14,3821.0,3,1,Lakeview,Contemporary,0,1.2,7.0,1
197500.0,1365.0,3,2.0,38,2220.0,1,1,Elm Street,Craftsman,0,4.7,7.0,0
474100.0,2336.0,6,5.0,40,2869.0,2,1,Oak Park,Contemporary,0,12.1,6.0,0
406700.0,2311.0,3,3.0,9,3197.0,2,2,Maple Grove,Contemporary,0,4.0,6.0,0
454000.0,3161.0,7,5.0,10,5897.0,1,1,Industrial Quarter,Ranch,1,12.0,6.0,0
354700.0,1145.0,2,1.0,13,1423.0,2,2,Downtown Loft District,Colonial,1,2.4,6.0,1
521600.0,2536.0,4,3.0,10,1852.0,3,2,Lakeview,Craftsman,0,5.1,,0
352500.0,1784.0,4,3.0,8,2817.0,2,2,Oak Park,Colonial,0,12.8,8.0,0
106600.0,500.0,1,1.0,2,800.0,1,2,Maple Grove,Contemporary,0,17.5,6.0,0
391700.0,2101.0,5,4.0,42,,1,1,Oak Park,Craftsman,0,17.3,7.0,0
342600.0,1981.0,3,2.0,2,2824.0,2,1,Maple Grove,Townhouse,0,3.5,7.0,0
317400.0,2006.0,4,3.0,18,4999.0,1,1,Industrial Quarter,Townhouse,0,0.3,8.0,0
542700.0,2867.0,5,4.0,17,5047.0,1,1,Sunset Hills,Ranch,0,4.2,6.0,0
434800.0,2045.0,4,4.0,42,2495.0,2,3,Riverside Heights,Colonial,0,14.5,6.0,0
196100.0,1095.0,2,1.0,19,1079.0,2,2,Oak Park,Colonial,0,12.2,7.0,0
691600.0,2270.0,5,4.0,10,2552.0,0,3,Downtown Loft District,Colonial,0,9.4,9.0,1
453600.0,2055.0,2,1.0,24,1692.0,2,2,Riverside Heights,Townhouse,0,15.1,8.0,0
299800.0,2262.0,3,2.0,2,2931.0,2,1,Maple Grove,Craftsman,0,8.8,5.0,0
654900.0,2677.0,5,4.0,56,3305.0,2,2,Lakeview,Townhouse,1,3.2,6.0,1
444500.0,2341.0,5,4.0,22,2029.0,1,3,Oak Park,Contemporary,0,17.8,7.0,0
312700.0,2102.0,3,3.0,46,1693.0,0,2,Oak Park,Townhouse,0,5.1,4.0,0
313300.0,2280.0,3,2.0,5,2688.0,2,2,Maple Grove,Townhouse,0,13.8,5.0,0
616000.0,2259.0,6,4.0,10,3435.0,3,1,Riverside Heights,Craftsman,0,2.7,4.0,1
317600.0,1606.0,3,2.0,1,1974.0,1,3,Oak Park,Craftsman,0,4.9,6.0,0
441400.0,1989.0,4,3.0,20,3736.0,2,2,Lakeview,Ranch,0,21.1,6.0,0
473400.0,2209.0,4,3.0,26,2915.0,3,1,Lakeview,Colonial,0,5.1,5.0,0
274000.0,1389.0,2,,5,2939.0,2,1,Elm Street,Craftsman,1,3.7,5.0,0
154800.0,1146.0,2,1.0,24,1739.0,2,3,Industrial Quarter,Contemporary,0,2.2,6.0,0
430200.0,2983.0,7,5.0,28,4861.0,2,1,Industrial Quarter,Contemporary,0,0.4,6.0,0
271500.0,1398.0,2,1.0,15,1057.0,1,2,Oak Park,Ranch,0,10.5,6.0,0
205100.0,805.0,1,1.0,19,800.0,1,2,Riverside Heights,Contemporary,1,9.9,6.0,0
515900.0,2785.0,6,4.0,8,4155.0,2,2,Maple Grove,Contemporary,0,7.4,7.0,0
212000.0,884.0,1,2.0,28,800.0,2,1,Sunset Hills,Ranch,0,7.4,6.0,0
272900.0,1334.0,2,2.0,22,987.0,2,1,Lakeview,Colonial,0,0.3,8.0,0
326200.0,1478.0,2,2.0,45,3387.0,2,2,Maple Grove,Ranch,1,4.2,10.0,1
276200.0,2014.0,4,3.0,6,4131.0,2,1,Industrial Quarter,Ranch,0,7.5,8.0,1
338500.0,1561.0,3,2.0,27,1358.0,2,1,Sunset Hills,Colonial,0,22.5,8.0,0
431000.0,2437.0,4,3.0,40,1979.0,2,1,Sunset Hills,Craftsman,0,2.0,7.0,0
124400.0,690.0,2,2.0,15,800.0,1,1,Maple Grove,Contemporary,0,4.1,3.0,0
438900.0,2176.0,4,3.0,25,1383.0,3,1,Sunset Hills,Contemporary,0,13.6,4.0,0
503000.0,2357.0,5,4.0,30,2585.0,0,2,Downtown Loft District,Ranch,0,7.9,5.0,0
506200.0,2917.0,6,4.0,36,4437.0,3,2,Elm Street,Townhouse,1,6.5,4.0,1
431300.0,1890.0,4,3.0,1,2563.0,2,1,Oak Park,Colonial,0,1.8,7.0,0
439800.0,1726.0,3,3.0,3,2472.0,1,1,Lakeview,Craftsman,1,11.8,6.0,0
212300.0,1447.0,3,2.0,15,3748.0,2,2,Industrial Quarter,Craftsman,0,4.2,7.0,1
583100.0,2725.0,5,4.0,9,3294.0,1,2,Lakeview,Contemporary,0,0.3,9.0,0
653100.0,3304.0,7,5.0,64,3712.0,2,2,Sunset Hills,Contemporary,0,9.7,6.0,0
507800.0,2526.0,4,3.0,22,2252.0,2,2,Sunset Hills,Ranch,0,14.8,5.0,0
309700.0,2072.0,4,3.0,9,3372.0,1,2,Industrial Quarter,Townhouse,0,2.2,5.0,0
338000.0,1897.0,4,3.0,8,3237.0,1,1,Oak Park,Townhouse,0,13.2,3.0,0
423400.0,2282.0,4,4.0,24,4359.0,1,2,Sunset Hills,Contemporary,0,27.4,7.0,0
387100.0,2028.0,5,3.0,16,2345.0,2,1,Elm Street,Townhouse,1,10.6,,0
258100.0,1168.0,3,3.0,10,1934.0,0,1,Oak Park,Craftsman,0,18.3,10.0,0
347000.0,1487.0,3,1.0,19,2026.0,2,2,Lakeview,Contemporary,0,4.0,7.0,0
264700.0,1265.0,3,,2,3048.0,2,1,Oak Park,Craftsman,0,12.2,5.0,0
409300.0,2057.0,5,4.0,29,2953.0,0,2,Oak Park,Colonial,0,10.2,4.0,1
272000.0,1840.0,3,2.0,11,3377.0,2,3,Industrial Quarter,Contemporary,0,10.7,5.0,0
638600.0,3048.0,6,4.0,6,3787.0,3,2,Sunset Hills,Craftsman,0,2.2,7.0,0
302100.0,1661.0,4,2.0,14,2934.0,1,1,Maple Grove,Townhouse,0,4.1,,0
282300.0,1432.0,3,2.0,52,2359.0,1,2,Oak Park,Craftsman,0,12.9,8.0,1
572400.0,2152.0,4,3.0,15,3072.0,0,2,Riverside Heights,Ranch,0,6.8,10.0,1
351100.0,1871.0,2,1.0,13,1098.0,2,2,Sunset Hills,Craftsman,0,21.5,7.0,1
365200.0,1755.0,3,2.0,30,2057.0,1,1,Riverside Heights,Ranch,0,4.5,4.0,0
293600.0,1527.0,3,3.0,3,1632.0,2,1,Maple Grove,Ranch,0,5.8,4.0,1
505500.0,2637.0,5,5.0,0,4422.0,2,2,Oak Park,Ranch,0,6.4,7.0,0
334300.0,1462.0,3,2.0,4,2149.0,2,1,Sunset Hills,Colonial,0,3.7,5.0,0
449000.0,2653.0,5,4.0,6,3311.0,0,1,Maple Grove,Townhouse,0,0.4,5.0,0
337600.0,1022.0,2,3.0,9,2159.0,2,2,Downtown Loft District,Craftsman,1,12.6,7.0,0
213600.0,1447.0,2,1.0,33,2654.0,0,1,Oak Park,Colonial,0,17.7,7.0,0
250600.0,1929.0,5,3.0,13,4027.0,2,1,Industrial Quarter,Contemporary,0,29.4,10.0,0
306200.0,1886.0,3,2.0,8,2798.0,1,1,Oak Park,Colonial,0,4.1,3.0,0
476100.0,3014.0,5,4.0,5,4445.0,2,1,Elm Street,Craftsman,0,0.8,8.0,0
490300.0,2013.0,4,3.0,16,800.0,3,1,Riverside Heights,Ranch,0,1.3,4.0,0
209600.0,811.0,2,2.0,44,805.0,1,2,Riverside Heights,Colonial,1,0.5,4.0,0
572400.0,3376.0,6,4.0,14,5016.0,2,1,Oak Park,Townhouse,0,19.2,6.0,0
489500.0,2078.0,3,2.0,6,3921.0,2,2,Riverside Heights,Colonial,1,4.0,8.0,0
376300.0,1633.0,4,2.0,9,1691.0,0,1,Lakeview,Craftsman,0,2.1,5.0,0
321000.0,1224.0,3,2.0,14,1641.0,2,2,Lakeview,Contemporary,0,4.7,7.0,0
158800.0,589.0,1,1.0,2,800.0,2,1,Riverside Heights,Contemporary,0,9.6,9.0,1
234500.0,896.0,1,1.0,7,1658.0,3,1,Sunset Hills,Townhouse,0,1.0,7.0,0
238700.0,1394.0,1,1.0,47,1459.0,1,2,Sunset Hills,Craftsman,0,8.3,4.0,0
325600.0,1836.0,3,2.0,31,1764.0,2,1,Elm Street,Contemporary,0,2.5,5.0,1
294800.0,1877.0,4,3.0,30,2829.0,3,1,Elm Street,Ranch,0,8.9,7.0,1
163900.0,852.0,2,1.0,63,2657.0,2,1,Elm Street,Craftsman,0,5.0,10.0,0
264400.0,1232.0,2,2.0,2,1425.0,1,1,Oak Park,Contemporary,0,0.5,5.0,0
373600.0,1403.0,3,2.0,58,3521.0,2,2,Downtown Loft District,Ranch,0,1.5,8.0,0
549600.0,2813.0,5,4.0,10,3510.0,1,2,Elm Street,Townhouse,1,10.3,9.0,1
577800.0,3212.0,6,5.0,14,3119.0,2,1,Sunset Hills,Contemporary,0,3.8,4.0,0
681900.0,2462.0,5,4.0,1,3289.0,2,2,Downtown Loft District,Craftsman,0,6.4,10.0,0
322300.0,1180.0,1,1.0,1,1093.0,3,2,Riverside Heights,Contemporary,0,4.1,8.0,0
365300.0,1366.0,4,3.0,7,800.0,2,2,Riverside Heights,Colonial,0,5.3,7.0,1
334500.0,1388.0,1,1.0,18,800.0,3,1,Riverside Heights,Ranch,0,1.4,6.0,0
399500.0,2129.0,4,3.0,0,2309.0,1,1,Oak Park,Ranch,0,0.7,3.0,0
852400.0,3160.0,6,4.0,15,4825.0,1,1,Downtown Loft District,Ranch,0,2.3,6.0,0
118500.0,572.0,1,1.0,2,867.0,1,2,Sunset Hills,Colonial,0,12.9,5.0,1
230700.0,963.0,2,1.0,40,1164.0,2,1,Sunset Hills,Townhouse,0,7.1,9.0,1
140700.0,500.0,2,2.0,15,800.0,2,1,Elm Street,Ranch,0,9.8,7.0,0
252600.0,656.0,2,2.0,15,1203.0,3,2,Downtown Loft District,Colonial,0,4.8,7.0,1
416200.0,1692.0,4,3.0,27,3163.0,1,3,Oak Park,Contemporary,0,4.2,10.0,0
177300.0,1381.0,2,2.0,47,800.0,2,3,Industrial Quarter,Colonial,0,18.3,7.0,0
223300.0,696.0,2,2.0,40,1063.0,2,2,Riverside Heights,Colonial,1,4.7,6.0,0
123600.0,500.0,1,1.0,25,800.0,1,2,Riverside Heights,Contemporary,0,34.8,10.0,0
334000.0,1226.0,3,2.0,17,1362.0,2,2,Lakeview,Ranch,0,4.8,8.0,0
517600.0,2218.0,4,3.0,35,3952.0,2,2,Riverside Heights,Craftsman,0,6.1,7.0,0
512600.0,2388.0,4,3.0,48,1865.0,3,2,Lakeview,Townhouse,1,18.3,7.0,0
366000.0,1319.0,3,2.0,13,833.0,2,1,Downtown Loft District,Contemporary,1,2.7,6.0,0
364600.0,1254.0,2,2.0,1,1549.0,2,2,Sunset Hills,Ranch,0,6.6,9.0,0
489700.0,2152.0,5,4.0,6,4072.0,2,3,Oak Park,Townhouse,1,5.0,4.0,0
314000.0,2026.0,3,2.0,21,4026.0,1,2,Elm Street,Contemporary,0,3.7,9.0,1
494500.0,2576.0,6,4.0,16,3901.0,1,2,Oak Park,Colonial,0,5.4,8.0,0
351600.0,2156.0,4,3.0,14,2644.0,1,2,Elm Street,Townhouse,0,18.2,8.0,0
247700.0,1899.0,4,3.0,9,1790.0,0,3,Industrial Quarter,Contemporary,0,12.3,6.0,1
491800.0,1723.0,3,2.0,4,1778.0,2,3,Downtown Loft District,Townhouse,0,1.3,7.0,0
309900.0,2805.0,5,3.0,76,3513.0,1,1,Elm Street,Townhouse,0,25.1,9.0,0
370800.0,2249.0,5,4.0,39,3119.0,2,1,Maple Grove,Ranch,0,12.1,3.0,0
343400.0,1665.0,4,4.0,3,3906.0,1,3,Oak Park,Colonial,0,7.7,8.0,1
345800.0,1158.0,2,2.0,3,,2,1,Downtown Loft District,Craftsman,0,1.4,8.0,1
240900.0,2031.0,4,2.0,54,4318.0,2,1,Industrial Quarter,Ranch,0,1.7,5.0,0
415500.0,2551.0,4,3.0,11,2795.0,2,2,Elm Street,Ranch,1,3.5,7.0,1
354700.0,2111.0,5,3.0,48,4089.0,1,1,Maple Grove,Contemporary,1,21.4,7.0,0
221900.0,1000.0,3,2.0,7,1622.0,1,1,Oak Park,Townhouse,0,8.3,5.0,0
293800.0,1762.0,3,3.0,17,1663.0,2,1,Maple Grove,Colonial,0,1.8,7.0,1
155300.0,1074.0,1,1.0,65,1206.0,2,2,Maple Grove,Colonial,0,2.2,10.0,0
144500.0,500.0,2,1.0,17,2029.0,1,2,Maple Grove,Contemporary,0,1.2,8.0,0
369200.0,2252.0,4,3.0,0,3440.0,1,2,Elm Street,Townhouse,0,10.2,8.0,0
417900.0,2581.0,5,3.0,13,4832.0,2,1,Industrial Quarter,Craftsman,1,2.8,6.0,0
360500.0,2212.0,4,3.0,10,2934.0,2,2,Oak Park,Ranch,1,9.7,2.0,0
217400.0,1581.0,2,2.0,14,3334.0,1,1,Industrial Quarter,Colonial,0,16.5,8.0,0
180700.0,500.0,1,1.0,21,1041.0,3,2,Riverside Heights,Craftsman,1,8.8,9.0,0
296500.0,1810.0,3,2.0,48,1846.0,0,1,Sunset Hills,Craftsman,1,13.2,7.0,0
526100.0,2068.0,3,3.0,0,2617.0,2,2,Downtown Loft District,Contemporary,0,8.2,5.0,0
377200.0,2422.0,4,2.0,3,2679.0,0,1,Maple Grove,Ranch,0,0.7,7.0,0
366400.0,1670.0,3,2.0,11,2993.0,0,2,Sunset Hills,Contemporary,0,4.4,8.0,0
109900.0,500.0,1,1.0,1,959.0,2,2,Industrial Quarter,Colonial,0,0.5,5.0,0
592600.0,2241.0,4,3.0,8,3343.0,2,2,Downtown Loft District,Townhouse,1,19.1,7.0,0
228400.0,739.0,3,2.0,5,1168.0,2,2,Lakeview,Colonial,0,5.4,5.0,1
354900.0,1602.0,3,2.0,7,3332.0,0,2,Lakeview,Ranch,0,4.9,6.0,0
320900.0,2261.0,3,2.0,24,,2,2,Maple Grove,Craftsman,0,21.1,5.0,0
311300.0,2179.0,5,3.0,56,2803.0,2,2,Maple Grove,Ranch,0,17.5,5.0,0
348000.0,1721.0,2,2.0,7,2184.0,3,1,Riverside Heights,Craftsman,0,20.1,6.0,0
380200.0,1495.0,3,3.0,11,2208.0,3,1,Oak Park,Townhouse,1,16.1,8.0,0
562400.0,3260.0,5,2.0,11,4273.0,3,2,Maple Grove,Ranch,0,7.0,6.0,0
220600.0,1009.0,2,2.0,10,800.0,2,2,Elm Street,Ranch,0,0.6,6.0,1
424200.0,2640.0,6,5.0,19,3209.0,2,1,Elm Street,Craftsman,0,5.5,7.0,0
338300.0,1923.0,3,2.0,19,3171.0,3,2,Elm Street,Ranch,0,8.5,8.0,0
223800.0,1280.0,3,3.0,39,2572.0,0,1,Elm Street,Townhouse,0,3.7,5.0,1
120500.0,1125.0,2,1.0,93,2439.0,2,2,Industrial Quarter,Ranch,0,8.3,8.0,0
354900.0,1384.0,2,2.0,27,2497.0,2,1,Downtown Loft District,Craftsman,0,4.0,4.0,0
204200.0,1050.0,1,,15,1560.0,2,1,Maple Grove,Colonial,0,5.7,7.0,0
561800.0,2781.0,6,5.0,4,4737.0,2,1,Maple Grove,Ranch,1,3.0,7.0,1
271900.0,1023.0,2,2.0,16,1510.0,2,1,Riverside Heights,Townhouse,1,18.7,7.0,0
347000.0,2067.0,4,3.0,0,5209.0,3,2,Industrial Quarter,Townhouse,0,7.6,4.0,1
201800.0,1062.0,2,2.0,39,2106.0,2,1,Maple Grove,Craftsman,0,11.9,9.0,0
292900.0,1484.0,2,1.0,16,1936.0,1,2,Sunset Hills,Ranch,0,16.5,9.0,0
595600.0,2657.0,5,3.0,37,3344.0,1,1,Downtown Loft District,Townhouse,0,10.6,10.0,0
353200.0,1983.0,3,2.0,0,3084.0,2,1,Oak Park,Contemporary,0,0.3,6.0,0
238500.0,965.0,3,2.0,21,1025.0,1,3,Riverside Heights,Craftsman,0,7.2,5.0,0
617500.0,2643.0,6,5.0,48,5455.0,3,2,Lakeview,Colonial,0,0.5,9.0,0
410400.0,2969.0,5,4.0,48,3979.0,2,1,Industrial Quarter,Colonial,1,0.9,5.0,0
245700.0,2081.0,4,2.0,30,3541.0,1,1,Elm Street,Craftsman,0,17.7,7.0,0
240300.0,1020.0,1,1.0,33,2053.0,3,2,Lakeview,Ranch,0,3.0,6.0,0
505000.0,2212.0,5,,0,2433.0,2,2,Sunset Hills,Craftsman,0,3.2,7.0,0
262100.0,1221.0,2,1.0,6,1717.0,1,3,Oak Park,Craftsman,1,1.6,6.0,1
436100.0,1666.0,3,2.0,1,2748.0,2,2,Lakeview,Townhouse,0,7.8,8.0,0
526900.0,3352.0,7,5.0,15,3900.0,2,2,Elm Street,Craftsman,0,15.2,6.0,0
505300.0,2088.0,3,3.0,5,1917.0,3,3,Riverside Heights,Contemporary,1,0.6,,0
332000.0,1464.0,3,3.0,7,2030.0,2,1,Oak Park,Craftsman,0,12.7,9.0,0
551800.0,2172.0,4,3.0,1,3064.0,2,1,Riverside Heights,Contemporary,0,5.5,6.0,0
549600.0,2297.0,4,3.0,40,2671.0,2,2,Downtown Loft District,Townhouse,0,0.3,9.0,0
285200.0,2259.0,4,3.0,8,1998.0,3,2,Industrial Quarter,Craftsman,0,45.0,8.0,0
437800.0,1884.0,4,3.0,17,2290.0,2,2,Riverside Heights,Colonial,1,16.8,5.0,0
162800.0,1095.0,2,2.0,9,2103.0,1,1,Industrial Quarter,Craftsman,0,8.7,6.0,0
383000.0,1802.0,2,2.0,0,3397.0,3,1,Riverside Heights,Craftsman,1,7.9,3.0,0
274700.0,1682.0,3,2.0,11,1276.0,2,1,Maple Grove,Craftsman,0,7.1,9.0,1
552500.0,1916.0,3,2.0,14,2326.0,2,2,Downtown Loft District,Ranch,0,3.4,8.0,1
529100.0,2122.0,4,3.0,3,2617.0,1,1,Downtown Loft District,Colonial,0,3.7,6.0,1
137000.0,1083.0,1,1.0,60,985.0,2,1,Maple Grove,Contemporary,1,4.4,6.0,0
557900.0,2486.0,5,3.0,11,3106.0,2,2,Oak Park,Townhouse,1,3.2,8.0,0
366000.0,2085.0,4,2.0,24,800.0,1,3,Maple Grove,Craftsman,0,1.8,9.0,1
604800.0,2658.0,5,4.0,20,3672.0,2,1,Lakeview,Contemporary,0,1.1,5.0,0
172900.0,817.0,1,1.0,8,817.0,2,1,Lakeview,Colonial,0,24.8,8.0,1
596300.0,2601.0,5,4.0,17,3490.0,2,2,Lakeview,Townhouse,0,9.1,6.0,0
266200.0,1073.0,2,1.0,1,2747.0,2,1,Lakeview,Craftsman,0,12.7,9.0,0
498400.0,2115.0,5,4.0,10,1683.0,2,3,Lakeview,Craftsman,0,38.8,5.0,0
157900.0,980.0,3,3.0,69,1532.0,3,2,Industrial Quarter,Townhouse,1,6.6,6.0,0
290800.0,962.0,3,2.0,21,1339.0,2,3,Downtown Loft District,Colonial,0,0.4,4.0,0
211700.0,1400.0,2,2.0,11,1897.0,2,2,Industrial Quarter,Craftsman,0,1.6,5.0,0
459700.0,1859.0,4,3.0,9,2264.0,2,2,Sunset Hills,Craftsman,1,11.3,8.0,0
351900.0,1414.0,3,2.0,25,1844.0,2,2,Lakeview,Colonial,0,11.6,8.0,0
233800.0,1689.0,3,3.0,52,2132.0,2,1,Industrial Quarter,Ranch,0,1.9,8.0,0
268100.0,1615.0,3,3.0,55,2613.0,0,2,Industrial Quarter,Craftsman,0,1.2,10.0,1
338200.0,1056.0,3,3.0,1,1439.0,2,1,Downtown Loft District,Ranch,0,0.3,5.0,1
683800.0,2639.0,5,4.0,18,3671.0,2,2,Downtown Loft District,Contemporary,0,0.3,7.0,0
368800.0,1617.0,4,3.0,5,3228.0,2,2,Sunset Hills,Contemporary,0,8.3,6.0,1
445600.0,2187.0,4,3.0,12,3867.0,2,1,Maple Grove,Craftsman,1,7.0,6.0,0
390400.0,1734.0,4,2.0,14,2906.0,3,1,Sunset Hills,Colonial,0,5.0,2.0,1
119600.0,710.0,1,1.0,20,800.0,2,1,Industrial Quarter,Contemporary,0,1.1,7.0,0
413800.0,2741.0,4,3.0,1,4471.0,1,1,Elm Street,Craftsman,0,13.0,7.0,0
357600.0,1993.0,4,2.0,11,1074.0,2,2,Maple Grove,Colonial,0,8.2,6.0,1
471000.0,1597.0,2,2.0,2,2120.0,3,1,Downtown Loft District,Colonial,0,5.7,6.0,0
376600.0,1918.0,4,3.0,30,2779.0,2,1,Riverside Heights,Townhouse,0,18.3,8.0,0
266100.0,1336.0,2,1.0,26,2529.0,2,3,Sunset Hills,Colonial,0,8.4,6.0,1
325500.0,,3,2.0,15,2635.0,2,1,Maple Grove,Contemporary,0,0.9,8.0,0
325700.0,2580.0,5,4.0,47,3797.0,1,1,Elm Street,Townhouse,0,0.3,7.0,0
545700.0,2228.0,4,4.0,16,2606.0,1,2,Riverside Heights,Ranch,1,13.2,7.0,0
627300.0,2569.0,3,4.0,0,2355.0,3,2,Downtown Loft District,Ranch,0,10.1,6.0,0
118600.0,500.0,1,1.0,29,800.0,2,1,Oak Park,Ranch,1,3.4,,0
379900.0,2832.0,5,4.0,16,4280.0,3,2,Industrial Quarter,Ranch,0,14.4,6.0,0
678800.0,2468.0,5,4.0,28,2586.0,2,1,Lakeview,Contemporary,0,5.8,7.0,0
281800.0,1866.0,4,3.0,22,3230.0,2,1,Maple Grove,Craftsman,0,29.4,6.0,0
361900.0,1927.0,4,3.0,42,2329.0,2,2,Oak Park,Colonial,0,8.4,7.0,0
316000.0,1538.0,3,2.0,56,3161.0,1,2,Oak Park,Craftsman,0,12.5,8.0,1
183600.0,1197.0,2,1.0,35,800.0,1,1,Maple Grove,Ranch,0,4.0,9.0,0
428600.0,2703.0,4,3.0,1,4008.0,2,2,Maple Grove,Colonial,0,19.4,7.0,0
205700.0,805.0,2,1.0,3,1313.0,2,1,Riverside Heights,Contemporary,0,12.4,7.0,1
302000.0,2032.0,4,3.0,43,2141.0,2,2,Elm Street,Contemporary,0,12.0,6.0,0
355400.0,2537.0,3,3.0,11,3502.0,1,3,Elm Street,Craftsman,0,2.8,6.0,1
197900.0,1270.0,3,3.0,11,1586.0,2,2,Elm Street,Townhouse,0,1.7,3.0,1
223100.0,900.0,1,1.0,10,1080.0,0,2,,Townhouse,0,3.9,4.0,0
288400.0,1247.0,1,1.0,5,1388.0,2,2,Lakeview,Contemporary,0,9.2,8.0,0
314300.0,1470.0,2,1.0,2,2147.0,2,2,Oak Park,Craftsman,1,8.8,6.0,1
595100.0,1855.0,4,4.0,11,2641.0,3,3,Downtown Loft District,Ranch,0,1.7,,0
274200.0,1989.0,3,2.0,19,1890.0,2,2,Elm Street,Craftsman,0,6.8,7.0,0
229600.0,1301.0,3,3.0,27,2163.0,2,2,Maple Grove,Contemporary,0,1.8,6.0,0
234200.0,1451.0,2,1.0,7,2223.0,0,1,Elm Street,Ranch,0,2.4,9.0,1
294400.0,1516.0,4,4.0,33,1477.0,2,1,Sunset Hills,Colonial,0,6.8,6.0,0
337000.0,1645.0,3,2.0,27,2046.0,1,2,Sunset Hills,Craftsman,1,0.3,9.0,0
145900.0,664.0,1,1.0,3,916.0,2,2,Elm Street,Ranch,0,8.6,9.0,1
352500.0,1986.0,2,2.0,38,2631.0,2,2,Sunset Hills,Ranch,0,10.5,,0
214000.0,1309.0,3,2.0,32,2418.0,1,2,Maple Grove,Craftsman,0,5.1,7.0,0
302700.0,1330.0,3,1.0,16,2506.0,2,2,Riverside Heights,Ranch,0,7.9,5.0,0
179200.0,848.0,1,1.0,8,1751.0,2,2,Industrial Quarter,Craftsman,0,0.6,8.0,1
462600.0,2438.0,4,3.0,1,4114.0,2,1,Oak Park,Townhouse,0,3.4,5.0,0
311300.0,1468.0,3,2.0,0,1536.0,2,1,Sunset Hills,Craftsman,0,28.4,6.0,0
281100.0,1299.0,3,,11,2966.0,2,1,Oak Park,Colonial,0,7.1,9.0,1
302300.0,1159.0,3,3.0,12,2227.0,3,1,Sunset Hills,Townhouse,0,2.1,6.0,0
327600.0,2323.0,5,,0,3442.0,2,2,Industrial Quarter,Ranch,0,7.0,5.0,0
109400.0,592.0,1,1.0,28,1047.0,3,1,,Contemporary,0,14.6,6.0,0
425000.0,2348.0,4,2.0,41,3068.0,2,1,Maple Grove,Colonial,1,7.9,6.0,1
276600.0,1492.0,3,2.0,37,2703.0,3,1,Oak Park,Colonial,0,16.3,8.0,1
297600.0,1138.0,3,2.0,6,2377.0,2,2,Sunset Hills,Craftsman,0,0.8,6.0,0
458700.0,2809.0,5,3.0,29,3233.0,1,2,Oak Park,Townhouse,0,38.8,6.0,1
362400.0,1179.0,3,2.0,3,1872.0,2,2,Riverside Heights,Contemporary,0,11.7,4.0,1
126500.0,662.0,1,2.0,31,1518.0,2,1,Elm Street,Colonial,0,4.7,9.0,0
273500.0,2225.0,4,4.0,0,3022.0,1,2,Industrial Quarter,Colonial,0,18.6,5.0,0
37300.0,779.0,2,1.0,120,1235.0,2,2,Maple Grove,Craftsman,0,11.1,3.0,0
256700.0,1333.0,1,1.0,26,1488.0,1,2,Oak Park,Craftsman,0,1.0,10.0,0
608400.0,3414.0,5,3.0,72,4688.0,2,2,Oak Park,Ranch,0,6.9,5.0,1
169200.0,1192.0,2,2.0,17,800.0,0,3,Elm Street,Colonial,0,0.3,5.0,0
487200.0,1779.0,3,3.0,23,3725.0,3,2,Downtown Loft District,Colonial,0,13.3,6.0,0
178800.0,1407.0,1,1.0,15,2995.0,2,2,Industrial Quarter,Colonial,0,2.6,7.0,0
314500.0,1799.0,4,4.0,47,3731.0,1,1,Maple Grove,Ranch,0,3.2,5.0,1
294700.0,1257.0,2,1.0,17,1284.0,3,1,Lakeview,Contemporary,0,7.0,7.0,0
644400.0,2741.0,4,4.0,6,4896.0,2,1,Sunset Hills,Townhouse,0,1.8,9.0,0
409100.0,2200.0,3,3.0,16,1721.0,3,2,Oak Park,Townhouse,0,3.1,7.0,1
151500.0,1105.0,3,2.0,57,1874.0,1,3,Elm Street,Craftsman,0,5.9,5.0,0
221400.0,1063.0,3,2.0,2,2081.0,2,1,Industrial Quarter,Townhouse,0,6.7,7.0,0
385600.0,2045.0,5,4.0,4,3859.0,2,2,Oak Park,Contemporary,0,5.0,5.0,0
160600.0,1164.0,1,1.0,15,800.0,3,1,Maple Grove,Craftsman,0,40.9,6.0,1
612200.0,2221.0,5,4.0,9,1455.0,3,2,Downtown Loft District,Colonial,0,1.2,,1
354200.0,1467.0,3,2.0,3,1745.0,3,2,Sunset Hills,Townhouse,0,10.0,6.0,1
820300.0,3038.0,6,5.0,3,3409.0,1,1,Lakeview,Colonial,0,2.8,5.0,0
262400.0,1507.0,2,1.0,22,2367.0,1,1,Maple Grove,Ranch,0,10.4,,1
417300.0,2075.0,3,2.0,13,2406.0,2,2,Maple Grove,Colonial,1,13.7,6.0,0
211500.0,1531.0,2,1.0,47,2556.0,3,1,Elm Street,Contemporary,0,1.8,9.0,0
151200.0,1202.0,2,2.0,68,1187.0,1,2,Elm Street,Craftsman,0,12.5,4.0,1
328200.0,2255.0,4,4.0,2,4044.0,2,1,Industrial Quarter,Colonial,0,1.5,5.0,1
101500.0,974.0,2,1.0,85,1871.0,2,1,Industrial Quarter,Colonial,0,4.6,7.0,0
512700.0,2530.0,4,3.0,14,3840.0,2,2,Riverside Heights,Ranch,0,2.6,4.0,0
211500.0,778.0,1,1.0,33,933.0,2,2,Lakeview,Colonial,1,0.9,6.0,0
236100.0,1193.0,3,2.0,0,800.0,1,1,Elm Street,Colonial,0,1.8,5.0,1
260000.0,1010.0,2,1.0,10,2428.0,2,1,Sunset Hills,Craftsman,0,1.3,8.0,0
282600.0,1884.0,2,1.0,13,2416.0,2,1,Maple Grove,Contemporary,0,12.3,10.0,0
220100.0,1272.0,4,3.0,55,800.0,0,1,Oak Park,Townhouse,0,12.7,7.0,1
166200.0,1543.0,3,3.0,1,800.0,0,1,Industrial Quarter,Contemporary,0,34.1,5.0,0
563700.0,2504.0,5,3.0,15,4112.0,3,1,Lakeview,Townhouse,0,7.7,7.0,1
843300.0,3944.0,6,5.0,12,4407.0,3,2,Sunset Hills,Ranch,1,11.9,,0
468200.0,3225.0,5,4.0,120,5079.0,1,2,Maple Grove,Craftsman,0,7.4,,0
269400.0,2109.0,4,2.0,11,3891.0,1,1,Industrial Quarter,Contemporary,0,22.6,7.0,0
142200.0,500.0,1,1.0,15,1188.0,2,1,Oak Park,Ranch,1,7.5,9.0,0
246000.0,1831.0,4,3.0,10,1620.0,1,3,Elm Street,Townhouse,0,7.6,3.0,1
417800.0,1456.0,3,3.0,23,2697.0,2,3,Riverside Heights,Contemporary,0,3.2,8.0,0
442500.0,2322.0,5,3.0,3,2414.0,2,2,Oak Park,Craftsman,0,11.6,8.0,0
540400.0,2801.0,5,5.0,4,5239.0,3,2,Industrial Quarter,Ranch,1,2.1,8.0,0
343800.0,2067.0,2,1.0,0,2516.0,2,1,Maple Grove,Townhouse,0,5.1,7.0,1
237100.0,1622.0,4,3.0,3,1914.0,1,1,Industrial Quarter,Townhouse,0,1.9,6.0,0
416400.0,2460.0,5,4.0,6,2074.0,3,3,Industrial Quarter,Contemporary,0,6.9,6.0,0
318500.0,1316.0,2,1.0,35,1916.0,2,2,Downtown Loft District,Townhouse,0,2.6,6.0,1
238200.0,1162.0,2,1.0,43,2905.0,1,2,Sunset Hills,Contemporary,0,18.3,8.0,0
416700.0,2723.0,5,3.0,18,2972.0,2,3,Elm Street,Craftsman,0,16.7,6.0,0
538000.0,2781.0,4,4.0,49,3253.0,2,1,Lakeview,Craftsman,0,2.8,8.0,1
439300.0,2075.0,3,2.0,21,2122.0,3,1,Oak Park,Ranch,0,4.8,8.0,0
173300.0,1447.0,2,1.0,5,2297.0,2,2,Industrial Quarter,Ranch,0,8.7,3.0,0
288900.0,1655.0,3,3.0,112,1698.0,2,1,Sunset Hills,Townhouse,0,3.2,6.0,0
156300.0,1005.0,2,2.0,38,2556.0,2,2,Elm Street,Contemporary,0,29.4,9.0,0
164700.0,542.0,2,1.0,1,894.0,2,1,Maple Grove,Townhouse,0,1.6,5.0,0
401400.0,1893.0,4,3.0,11,2267.0,2,1,Lakeview,Townhouse,0,3.6,4.0,0
103500.0,500.0,1,1.0,3,800.0,1,1,Industrial Quarter,Craftsman,0,6.2,5.0,0
343100.0,1466.0,3,2.0,32,3132.0,1,1,Riverside Heights,Colonial,0,1.7,8.0,1
318500.0,2888.0,5,4.0,2,4774.0,2,2,Industrial Quarter,Ranch,0,1.6,5.0,0
131700.0,500.0,1,1.0,29,800.0,2,2,Oak Park,Ranch,0,2.4,7.0,0
472800.0,2077.0,3,2.0,33,2697.0,2,2,Riverside Heights,Ranch,0,4.6,7.0,0
371100.0,1755.0,3,3.0,5,2350.0,2,2,Oak Park,Ranch,0,2.8,5.0,1
264900.0,864.0,2,2.0,10,2203.0,3,2,Lakeview,Ranch,0,12.4,10.0,0
429500.0,2298.0,4,4.0,17,5413.0,2,2,Maple Grove,Contemporary,0,1.1,3.0,0
602600.0,3479.0,6,4.0,4,3803.0,1,1,Oak Park,Townhouse,0,33.0,5.0,1
355000.0,1585.0,2,1.0,14,2404.0,2,1,Downtown Loft District,Townhouse,0,5.4,7.0,0
213000.0,1101.0,2,1.0,18,3038.0,0,2,Industrial Quarter,Contemporary,1,0.3,7.0,0
399200.0,2091.0,6,4.0,5,3036.0,0,2,Sunset Hills,Contemporary,0,3.9,6.0,0
331400.0,1424.0,3,3.0,31,2341.0,2,2,Sunset Hills,Townhouse,0,11.6,7.0,1
446700.0,2309.0,4,2.0,18,3345.0,1,3,Lakeview,Townhouse,0,4.6,5.0,0
228200.0,1946.0,3,3.0,54,4079.0,2,2,Industrial Quarter,Craftsman,0,5.1,6.0,0
404900.0,1970.0,4,4.0,0,1787.0,2,2,Maple Grove,Craftsman,0,0.4,7.0,0
260400.0,1373.0,3,3.0,6,1953.0,2,1,Elm Street,Townhouse,0,4.6,7.0,0
435600.0,2095.0,4,3.0,62,2857.0,2,1,Sunset Hills,Townhouse,0,2.8,7.0,1
234400.0,672.0,2,1.0,29,967.0,2,1,Downtown Loft District,Townhouse,1,0.8,7.0,0
382500.0,2084.0,4,3.0,0,2775.0,2,2,Oak Park,Ranch,0,10.5,7.0,1
379200.0,2140.0,4,3.0,36,4026.0,3,2,Elm Street,Colonial,0,3.0,8.0,0
845200.0,3151.0,5,3.0,41,5194.0,3,1,Downtown Loft District,Colonial,0,3.5,6.0,1
259400.0,1516.0,2,2.0,9,2605.0,1,2,Industrial Quarter,Craftsman,0,0.7,5.0,0
173500.0,891.0,3,3.0,5,1626.0,2,1,Industrial Quarter,Ranch,0,11.2,5.0,0
474800.0,2323.0,3,2.0,1,1049.0,2,1,Downtown Loft District,Ranch,0,4.6,7.0,0
232700.0,1425.0,3,2.0,57,2293.0,3,2,Elm Street,Townhouse,0,6.4,4.0,0
584200.0,2564.0,4,3.0,17,3920.0,2,3,Riverside Heights,Ranch,0,4.1,7.0,1
538800.0,2604.0,4,2.0,1,3559.0,3,3,Sunset Hills,Contemporary,0,5.6,7.0,0
477500.0,2148.0,3,3.0,14,1609.0,3,2,Lakeview,Craftsman,0,1.1,4.0,0
488100.0,2295.0,3,2.0,31,3416.0,2,1,Sunset Hills,Contemporary,0,7.2,8.0,0
324800.0,1978.0,3,2.0,15,2797.0,3,2,Industrial Quarter,Craftsman,0,4.6,9.0,0
343900.0,2933.0,4,3.0,6,3773.0,1,2,Elm Street,Contemporary,0,19.5,5.0,0
544500.0,3042.0,6,4.0,23,4445.0,1,2,Oak Park,Ranch,0,27.5,6.0,0
538500.0,2519.0,4,3.0,14,3163.0,2,1,Oak Park,Townhouse,0,0.6,7.0,0
580100.0,3108.0,6,5.0,43,4441.0,1,1,Sunset Hills,Townhouse,0,21.4,8.0,0
383600.0,1630.0,2,2.0,12,2241.0,2,1,Lakeview,Townhouse,1,6.4,5.0,1
417300.0,1683.0,3,2.0,6,2183.0,1,1,Riverside Heights,Colonial,0,1.2,9.0,1
341900.0,1682.0,4,4.0,11,3387.0,3,1,Sunset Hills,Ranch,0,26.3,7.0,0
488900.0,1795.0,4,4.0,11,1473.0,2,2,Riverside Heights,Craftsman,1,1.0,6.0,1
388500.0,1410.0,3,3.0,17,2294.0,2,2,Riverside Heights,Craftsman,0,3.5,6.0,0
256000.0,1697.0,4,2.0,20,2808.0,2,1,Elm Street,Craftsman,1,18.7,5.0,0
424900.0,2341.0,5,4.0,15,4100.0,2,1,Elm Street,Colonial,0,3.1,8.0,1
255300.0,926.0,2,1.0,1,1187.0,2,2,Oak Park,Contemporary,1,2.4,9.0,0
356700.0,3059.0,5,4.0,24,5501.0,2,1,Industrial Quarter,Ranch,0,24.2,5.0,0
235100.0,1109.0,2,1.0,4,1113.0,2,3,Lakeview,Contemporary,0,28.6,7.0,0
463300.0,2208.0,5,4.0,23,3827.0,1,2,Maple Grove,Craftsman,0,1.0,9.0,0
493000.0,2015.0,4,3.0,11,2632.0,1,3,Lakeview,Ranch,0,22.2,,0
505100.0,2119.0,4,3.0,28,3594.0,3,1,Sunset Hills,Colonial,0,10.0,6.0,1
251500.0,952.0,1,1.0,27,2491.0,2,1,Lakeview,Craftsman,1,3.4,10.0,0
574400.0,1955.0,5,3.0,9,2078.0,3,2,Downtown Loft District,Townhouse,0,9.4,4.0,0
319800.0,1665.0,3,2.0,5,3061.0,2,2,Oak Park,Ranch,0,5.3,5.0,1
318900.0,1666.0,3,1.0,25,2537.0,1,1,Oak Park,Colonial,0,3.4,8.0,0
397300.0,1540.0,2,2.0,23,1646.0,2,3,Riverside Heights,Townhouse,0,3.3,7.0,0
465600.0,2098.0,4,2.0,1,2819.0,0,3,Sunset Hills,Colonial,0,1.5,5.0,0
534500.0,2771.0,5,3.0,60,3422.0,2,2,Lakeview,Townhouse,0,0.3,4.0,0
223900.0,880.0,2,1.0,10,1221.0,2,2,Downtown Loft District,Craftsman,0,25.3,7.0,1
375300.0,1692.0,4,3.0,20,1552.0,2,1,Oak Park,Contemporary,0,5.2,8.0,0
475200.0,2152.0,4,4.0,0,2005.0,2,2,Lakeview,Craftsman,0,3.0,3.0,1
541700.0,2278.0,6,4.0,15,3889.0,0,3,Sunset Hills,Craftsman,0,0.9,9.0,0
271000.0,1470.0,3,3.0,6,1226.0,1,1,Maple Grove,Craftsman,0,9.0,6.0,1
279100.0,1622.0,3,2.0,34,3122.0,2,2,Elm Street,Contemporary,1,5.5,6.0,0
351900.0,1685.0,3,2.0,21,3464.0,2,2,Oak Park,Contemporary,0,3.6,,0
408900.0,2501.0,5,4.0,14,5098.0,3,1,Maple Grove,Colonial,1,8.1,6.0,0
339700.0,1894.0,3,2.0,19,3092.0,2,2,Maple Grove,Contemporary,0,1.4,8.0,0
355100.0,1679.0,3,4.0,15,2489.0,0,1,,Colonial,0,20.6,8.0,0
220500.0,1633.0,3,3.0,39,1936.0,1,1,Industrial Quarter,Colonial,0,11.4,6.0,0
264900.0,1645.0,4,3.0,1,880.0,2,2,Industrial Quarter,Ranch,0,6.4,6.0,0
308100.0,1667.0,4,3.0,28,1782.0,0,1,Maple Grove,Ranch,0,0.9,5.0,1
284200.0,2045.0,4,3.0,93,3593.0,2,2,Elm Street,Craftsman,0,1.2,10.0,0
326200.0,2760.0,4,4.0,30,3651.0,1,1,Industrial Quarter,Townhouse,0,4.0,6.0,0
624200.0,2997.0,5,4.0,0,4028.0,2,2,Sunset Hills,Ranch,0,5.7,6.0,0
356900.0,1888.0,2,1.0,12,3213.0,3,2,Oak Park,Ranch,0,27.3,7.0,0
249300.0,1560.0,2,1.0,18,1185.0,2,2,Industrial Quarter,Contemporary,0,1.1,8.0,0
491800.0,2332.0,4,3.0,37,3493.0,0,2,Riverside Heights,Colonial,0,1.2,4.0,0
298300.0,2299.0,4,3.0,120,3939.0,2,2,Industrial Quarter,Colonial,0,0.9,9.0,1
248500.0,1479.0,2,1.0,14,3237.0,1,2,Maple Grove,Townhouse,0,0.4,8.0,0
375900.0,2208.0,3,1.0,39,,2,2,Industrial Quarter,Contemporary,1,0.6,,0
176000.0,907.0,1,1.0,33,800.0,3,1,Oak Park,Colonial,0,13.9,6.0,0
312000.0,1439.0,3,2.0,5,2144.0,2,1,Sunset Hills,Townhouse,0,0.3,6.0,0
335100.0,2224.0,4,3.0,23,2244.0,2,1,Maple Grove,Ranch,0,14.7,5.0,0
730700.0,3164.0,7,5.0,1,5190.0,1,2,Sunset Hills,Townhouse,0,1.0,6.0,0
350700.0,2055.0,4,3.0,2,3306.0,2,1,Oak Park,Townhouse,0,10.5,5.0,0
347700.0,1120.0,2,2.0,1,2423.0,2,2,Downtown Loft District,Colonial,0,20.4,6.0,0
385800.0,1243.0,3,2.0,1,1035.0,1,3,Downtown Loft District,Townhouse,1,7.3,5.0,0
59400.0,681.0,1,1.0,99,3293.0,2,1,Industrial Quarter,Colonial,0,3.0,7.0,0
416800.0,2491.0,5,4.0,3,4517.0,2,2,Elm Street,Townhouse,0,6.0,7.0,0
238000.0,1619.0,3,2.0,14,2474.0,2,2,Industrial Quarter,Ranch,0,4.6,7.0,0
240800.0,921.0,2,1.0,38,800.0,2,2,Riverside Heights,Colonial,0,5.0,6.0,0
412800.0,1542.0,3,3.0,1,3307.0,2,1,Sunset Hills,Craftsman,0,2.8,9.0,1
568900.0,2812.0,6,5.0,8,3235.0,1,1,Lakeview,Craftsman,0,12.5,6.0,0
351700.0,1754.0,3,3.0,36,3404.0,3,2,Oak Park,Colonial,0,3.8,7.0,1
343000.0,1808.0,3,2.0,2,2204.0,1,1,Maple Grove,Contemporary,0,8.0,8.0,0
282300.0,1455.0,3,1.0,4,1234.0,2,2,Oak Park,Colonial,0,8.8,6.0,0
273000.0,1530.0,2,1.0,28,2474.0,2,1,Oak Park,Ranch,0,3.5,5.0,1
596700.0,2227.0,4,3.0,26,2835.0,2,2,Downtown Loft District,Craftsman,0,0.5,7.0,0
325600.0,1397.0,4,4.0,75,2398.0,2,1,Riverside Heights,Ranch,0,0.7,4.0,0
301900.0,1180.0,3,3.0,8,800.0,3,3,Oak Park,Ranch,0,10.9,6.0,0
295400.0,1395.0,2,1.0,13,1425.0,1,1,Lakeview,Ranch,0,1.5,5.0,0
235700.0,2099.0,3,2.0,55,2893.0,2,2,Industrial Quarter,Craftsman,0,0.7,7.0,0
135900.0,1349.0,1,1.0,114,2587.0,2,1,Elm Street,Townhouse,0,1.5,6.0,0
193300.0,1574.0,3,2.0,25,2704.0,1,2,Elm Street,Contemporary,0,0.9,5.0,0
263600.0,1883.0,2,1.0,37,3285.0,1,3,Maple Grove,Craftsman,0,16.5,10.0,0
353000.0,2552.0,4,2.0,12,3571.0,0,1,Maple Grove,Ranch,0,4.8,4.0,0
94100.0,500.0,1,1.0,28,1017.0,2,2,Industrial Quarter,Craftsman,0,1.1,,0
296000.0,1507.0,2,2.0,32,1918.0,2,1,Maple Grove,Colonial,1,0.3,6.0,0
442300.0,2043.0,4,3.0,8,2336.0,1,3,Oak Park,Colonial,1,3.6,6.0,1
361800.0,1503.0,3,2.0,24,2513.0,2,1,Lakeview,Townhouse,0,1.3,5.0,0
631800.0,3052.0,5,4.0,52,4287.0,2,3,Sunset Hills,Colonial,0,1.5,9.0,0
385300.0,2204.0,4,3.0,18,2198.0,3,3,Sunset Hills,Ranch,1,2.2,7.0,0
491400.0,,5,3.0,3,3597.0,1,1,Oak Park,Contemporary,0,14.2,7.0,0
336000.0,2065.0,4,3.0,15,3444.0,3,1,Elm Street,Ranch,0,1.5,5.0,0
376100.0,1092.0,1,1.0,16,1403.0,3,2,Downtown Loft District,Ranch,1,0.9,9.0,0
434700.0,2048.0,2,1.0,22,2253.0,2,2,Lakeview,Craftsman,0,6.2,7.0,1
437000.0,2706.0,5,3.0,117,3433.0,1,1,Sunset Hills,Colonial,1,10.9,8.0,0
453500.0,3198.0,6,5.0,120,3341.0,1,1,Maple Grove,Contemporary,0,3.2,,0
293100.0,1104.0,1,1.0,5,1541.0,1,3,Sunset Hills,Craftsman,0,1.9,7.0,1
520900.0,2313.0,4,3.0,10,3738.0,1,2,Riverside Heights,Craftsman,0,3.5,5.0,1
477900.0,2086.0,4,3.0,15,3642.0,3,2,Riverside Heights,Colonial,0,1.5,6.0,0
453500.0,1694.0,3,3.0,2,3105.0,2,1,Downtown Loft District,Colonial,0,5.2,6.0,0
153600.0,794.0,1,1.0,11,1228.0,1,2,Industrial Quarter,Contemporary,1,2.3,7.0,0
251100.0,760.0,1,1.0,3,1337.0,3,2,Lakeview,Craftsman,0,0.3,8.0,0
118700.0,500.0,1,1.0,6,1596.0,2,1,Maple Grove,Contemporary,0,12.3,8.0,0
188200.0,865.0,2,2.0,18,2181.0,2,2,Oak Park,Contemporary,0,2.1,4.0,0
245800.0,1111.0,3,1.0,8,800.0,2,2,Maple Grove,Craftsman,1,5.8,,0
233300.0,1017.0,3,,23,1747.0,2,2,Maple Grove,Townhouse,0,10.5,5.0,1
411500.0,2243.0,4,3.0,2,2628.0,2,2,Elm Street,Craftsman,1,10.7,9.0,0
273300.0,1882.0,2,1.0,22,2425.0,3,2,Industrial Quarter,Townhouse,0,0.7,4.0,0
730800.0,3300.0,6,4.0,15,5785.0,0,1,Riverside Heights,Ranch,0,5.0,8.0,0
144300.0,1055.0,1,1.0,30,800.0,2,2,Industrial Quarter,Contemporary,0,12.5,9.0,0
530100.0,1820.0,3,2.0,3,3318.0,2,1,Riverside Heights,Craftsman,1,12.3,7.0,0
448100.0,2675.0,4,2.0,5,2304.0,1,1,Maple Grove,Colonial,0,1.2,9.0,0
789300.0,2823.0,5,4.0,6,2845.0,3,3,Downtown Loft District,Colonial,0,16.8,6.0,0
354000.0,1406.0,2,2.0,10,2040.0,1,1,Downtown Loft District,Contemporary,0,22.6,7.0,0
580300.0,2008.0,3,2.0,17,3054.0,2,2,Downtown Loft District,Contemporary,0,8.7,9.0,0
181400.0,983.0,1,1.0,10,2702.0,1,2,Maple Grove,Colonial,0,7.4,5.0,0
646600.0,2596.0,6,4.0,5,2242.0,2,2,Downtown Loft District,Contemporary,0,6.4,3.0,0
329700.0,1505.0,2,2.0,1,2322.0,1,2,Sunset Hills,Contemporary,0,16.6,8.0,0
476500.0,2711.0,4,3.0,51,4617.0,2,2,Oak Park,Craftsman,0,2.5,7.0,0
332300.0,1547.0,2,2.0,1,3410.0,2,1,Oak Park,Contemporary,0,0.3,8.0,1
227000.0,967.0,2,2.0,40,800.0,3,2,Industrial Quarter,Colonial,1,3.5,10.0,1
308100.0,1244.0,3,2.0,2,2430.0,2,3,Sunset Hills,Ranch,0,5.7,9.0,0
331300.0,1773.0,4,3.0,22,3663.0,1,2,Maple Grove,Townhouse,0,3.7,7.0,0
626800.0,2448.0,4,3.0,16,2626.0,2,1,Downtown Loft District,Craftsman,0,5.4,4.0,0
355700.0,1630.0,3,2.0,0,2315.0,1,1,Riverside Heights,Townhouse,0,14.0,6.0,1
310300.0,2034.0,4,3.0,5,3873.0,2,2,Industrial Quarter,Contemporary,1,6.7,5.0,0
375200.0,2730.0,4,4.0,106,2898.0,0,2,Oak Park,Townhouse,0,8.7,4.0,0
495000.0,3102.0,6,5.0,17,4846.0,3,1,Maple Grove,Townhouse,0,7.7,9.0,0
311200.0,1427.0,3,3.0,62,3109.0,1,1,Lakeview,Colonial,0,15.4,7.0,0
476400.0,2012.0,3,2.0,19,2028.0,3,2,Lakeview,Craftsman,0,0.3,6.0,1
268900.0,2469.0,4,2.0,26,4282.0,0,1,Industrial Quarter,Ranch,0,12.0,6.0,0
520100.0,2114.0,5,5.0,81,3149.0,2,1,Downtown Loft District,Contemporary,0,9.5,7.0,0
681500.0,,5,3.0,3,5533.0,2,2,Riverside Heights,Craftsman,0,7.4,9.0,0
552900.0,2332.0,4,3.0,26,4141.0,1,2,Lakeview,Contemporary,0,3.4,7.0,0
597000.0,2435.0,6,4.0,16,4145.0,1,2,Lakeview,Craftsman,0,11.0,7.0,0
492600.0,2307.0,4,3.0,44,2519.0,0,2,Riverside Heights,Craftsman,0,5.8,8.0,1
238900.0,1440.0,3,2.0,6,2050.0,2,1,Industrial Quarter,Ranch,0,2.1,7.0,0
368800.0,2295.0,5,4.0,5,3114.0,3,2,Industrial Quarter,Contemporary,0,22.2,10.0,0
501300.0,2032.0,3,2.0,44,2093.0,3,2,Riverside Heights,Craftsman,0,4.6,5.0,1
674000.0,3156.0,7,6.0,1,5823.0,2,2,Maple Grove,Ranch,1,0.3,5.0,0
265600.0,1233.0,2,1.0,13,2693.0,2,1,Oak Park,Craftsman,0,0.4,8.0,1
260500.0,1207.0,1,1.0,18,3331.0,2,1,Lakeview,Townhouse,0,5.6,4.0,0
321700.0,2177.0,4,3.0,11,2479.0,1,2,Maple Grove,Colonial,0,11.3,5.0,0
325500.0,1696.0,4,3.0,6,3050.0,2,3,Oak Park,Colonial,0,45.0,6.0,0
181500.0,1161.0,2,2.0,98,926.0,2,2,Elm Street,Colonial,1,15.2,5.0,1
291500.0,,5,4.0,20,1999.0,2,1,Elm Street,Colonial,0,26.2,7.0,0
166300.0,1196.0,1,1.0,72,1785.0,3,1,Elm Street,Townhouse,0,2.1,7.0,0
406500.0,2388.0,4,3.0,8,2782.0,2,2,Oak Park,Colonial,0,2.8,4.0,0
504000.0,2729.0,5,4.0,3,3159.0,2,1,Oak Park,Ranch,1,2.1,3.0,1
72800.0,579.0,1,1.0,60,1906.0,3,2,Maple Grove,Contemporary,0,16.5,5.0,0
565300.0,3166.0,5,4.0,14,5401.0,2,2,Maple Grove,Ranch,1,10.2,6.0,0
321400.0,1605.0,3,2.0,15,2513.0,2,1,Maple Grove,Townhouse,0,1.5,4.0,1
424600.0,1788.0,3,1.0,8,3366.0,2,2,Downtown Loft District,Colonial,0,22.6,5.0,0
328600.0,2331.0,4,3.0,8,2613.0,3,2,Industrial Quarter,Colonial,0,2.8,8.0,1
210200.0,1746.0,2,2.0,85,2859.0,2,1,Oak Park,Ranch,0,45.0,5.0,0
438000.0,1552.0,3,3.0,30,2142.0,2,2,Downtown Loft District,Ranch,0,2.8,8.0,0
412700.0,1826.0,3,2.0,12,2845.0,2,2,Sunset Hills,Colonial,0,10.1,6.0,0
369800.0,1567.0,2,2.0,6,1579.0,3,2,Riverside Heights,Contemporary,0,15.9,5.0,0
128700.0,500.0,1,1.0,11,800.0,1,1,Industrial Quarter,Colonial,0,3.4,10.0,0
347700.0,2304.0,4,,15,2950.0,1,2,Elm Street,Colonial,0,9.3,5.0,1
304200.0,1202.0,1,2.0,0,1364.0,2,1,Riverside Heights,Craftsman,0,4.9,7.0,1
448300.0,2033.0,4,3.0,6,3898.0,2,1,Sunset Hills,Ranch,1,3.4,7.0,0
497100.0,1871.0,3,2.0,29,3491.0,2,1,Downtown Loft District,Colonial,0,0.3,5.0,0
247700.0,1378.0,2,2.0,30,2334.0,3,1,Oak Park,Townhouse,0,5.0,4.0,0
418400.0,1841.0,4,3.0,34,3439.0,2,3,Sunset Hills,Ranch,0,0.3,,0
385000.0,1710.0,3,3.0,1,2651.0,2,1,Oak Park,Colonial,1,0.4,9.0,0
301500.0,1153.0,3,2.0,14,2521.0,3,1,Lakeview,Craftsman,1,15.7,7.0,0
200200.0,1190.0,2,2.0,3,932.0,1,1,Maple Grove,Contemporary,0,0.7,5.0,0
586400.0,2417.0,3,2.0,16,2647.0,2,1,Downtown Loft District,Contemporary,0,2.7,10.0,1
422400.0,1821.0,4,4.0,73,2873.0,2,1,Riverside Heights,Contemporary,0,6.0,6.0,1
524300.0,2193.0,5,3.0,24,2974.0,3,1,Lakeview,Craftsman,0,0.7,5.0,0
283000.0,1493.0,2,1.0,25,3557.0,2,3,Industrial Quarter,Craftsman,1,6.4,7.0,0
339600.0,1879.0,2,2.0,9,4435.0,3,1,Maple Grove,Ranch,0,0.3,8.0,0
364100.0,1885.0,2,1.0,34,3671.0,2,2,Oak Park,Townhouse,0,11.1,8.0,0
227000.0,1250.0,2,1.0,13,2310.0,2,2,Maple Grove,Craftsman,0,3.2,5.0,0
401200.0,2433.0,3,3.0,2,3204.0,1,2,Oak Park,Ranch,0,12.8,5.0,0
268900.0,949.0,3,3.0,0,1143.0,1,1,Oak Park,Ranch,1,1.0,8.0,0
344200.0,2229.0,4,3.0,1,3278.0,2,1,Industrial Quarter,Townhouse,0,1.4,6.0,1
388400.0,1784.0,5,4.0,13,4035.0,2,2,Maple Grove,Townhouse,0,1.2,8.0,0
320800.0,1201.0,3,3.0,23,3192.0,0,2,Lakeview,Ranch,0,3.9,7.0,0
449000.0,1460.0,4,3.0,7,2549.0,2,1,Riverside Heights,Contemporary,0,4.7,10.0,0
445600.0,2387.0,4,3.0,5,3333.0,1,1,Lakeview,Contemporary,0,23.4,7.0,0
369900.0,1406.0,2,1.0,2,2527.0,1,2,Lakeview,Townhouse,0,1.5,6.0,0
434900.0,1483.0,3,2.0,7,3769.0,0,2,Downtown Loft District,Townhouse,1,1.4,7.0,0
195700.0,792.0,2,1.0,18,800.0,2,2,Lakeview,Ranch,0,0.8,6.0,0
262300.0,1153.0,2,1.0,9,800.0,2,2,Oak Park,Contemporary,1,5.9,6.0,0
263200.0,1186.0,2,1.0,7,2858.0,2,2,Sunset Hills,Craftsman,0,17.8,7.0,0
476900.0,2403.0,4,3.0,23,3161.0,2,1,Maple Grove,Contemporary,1,0.9,,0
148300.0,848.0,1,1.0,61,3553.0,2,2,Maple Grove,Colonial,0,9.6,7.0,1
358200.0,2034.0,4,3.0,15,2964.0,1,2,Oak Park,Colonial,0,0.3,6.0,1
482500.0,2199.0,4,3.0,0,4490.0,1,1,Maple Grove,Townhouse,0,7.1,6.0,0
445200.0,1767.0,4,4.0,5,3357.0,2,2,Riverside Heights,Townhouse,1,3.1,7.0,0
190800.0,715.0,3,2.0,21,1597.0,2,1,Elm Street,Craftsman,0,2.5,7.0,1
308600.0,1988.0,4,3.0,18,1792.0,2,2,Elm Street,Craftsman,0,23.4,4.0,0
605900.0,2123.0,4,3.0,1,1354.0,1,2,Downtown Loft District,Contemporary,0,2.6,5.0,0
141300.0,1316.0,1,1.0,33,800.0,2,1,Industrial Quarter,Colonial,0,0.7,3.0,0
269500.0,1507.0,2,2.0,8,2925.0,1,2,Oak Park,Townhouse,0,7.3,8.0,1
519100.0,,5,5.0,11,3600.0,2,2,Sunset Hills,Ranch,0,15.2,7.0,1
340000.0,2155.0,4,2.0,1,2395.0,2,1,Maple Grove,Ranch,0,22.8,7.0,1
356900.0,1403.0,3,3.0,20,1930.0,2,1,Riverside Heights,Colonial,0,5.5,6.0,1
547200.0,2769.0,5,4.0,33,3722.0,2,1,Lakeview,Townhouse,0,7.2,8.0,0
597100.0,2278.0,4,3.0,15,4092.0,2,2,Riverside Heights,Ranch,0,11.4,5.0,1
467100.0,1863.0,4,3.0,15,1598.0,2,1,Lakeview,Craftsman,0,1.2,7.0,1
304000.0,1134.0,1,1.0,4,800.0,2,2,Riverside Heights,Contemporary,0,5.0,9.0,0
557200.0,2069.0,4,3.0,22,3566.0,2,2,Riverside Heights,Townhouse,1,8.5,10.0,0
349800.0,2259.0,5,4.0,6,3819.0,2,1,Maple Grove,Townhouse,0,15.2,6.0,0
361000.0,1409.0,2,2.0,13,2185.0,2,3,Riverside Heights,Townhouse,1,7.9,7.0,0
372200.0,2447.0,4,3.0,16,2383.0,2,1,Elm Street,Contemporary,0,1.9,5.0,1
528900.0,2187.0,4,3.0,2,3475.0,2,2,Lakeview,Townhouse,0,7.8,6.0,0
234900.0,1194.0,2,2.0,20,2838.0,2,1,Maple Grove,Craftsman,0,2.9,7.0,0
319000.0,1966.0,4,3.0,14,1613.0,2,2,Maple Grove,Contemporary,0,7.3,8.0,0
254700.0,1104.0,3,3.0,11,3142.0,0,1,Maple Grove,Colonial,0,1.9,7.0,0
270800.0,1010.0,2,2.0,3,1276.0,2,1,Lakeview,Contemporary,0,8.1,7.0,1
358100.0,2200.0,4,4.0,36,3751.0,1,1,Elm Street,Townhouse,0,18.1,8.0,0
471100.0,2303.0,5,4.0,7,2465.0,3,3,Sunset Hills,Ranch,0,7.5,5.0,0
229100.0,1238.0,1,1.0,13,800.0,2,2,Maple Grove,Townhouse,0,7.5,8.0,0
502000.0,1850.0,4,3.0,7,2148.0,2,1,Downtown Loft District,Colonial,0,18.9,10.0,0
229300.0,1195.0,2,1.0,12,1165.0,2,1,Lakeview,Townhouse,0,35.4,2.0,0
719800.0,2378.0,5,5.0,12,3084.0,3,1,Downtown Loft District,Colonial,0,1.9,3.0,1
279100.0,1909.0,3,2.0,3,3331.0,2,2,Maple Grove,Colonial,0,10.2,4.0,0
364300.0,2079.0,3,3.0,45,4978.0,2,3,Elm Street,Contemporary,0,5.4,9.0,0
413500.0,1648.0,3,3.0,25,841.0,2,1,Riverside Heights,Ranch,0,19.3,8.0,0
276500.0,2022.0,4,3.0,10,1090.0,3,1,Industrial Quarter,Craftsman,0,28.6,4.0,0
183900.0,1171.0,1,1.0,4,1842.0,1,1,Elm Street,Contemporary,1,10.5,5.0,1
445700.0,2157.0,4,3.0,32,3006.0,1,2,Oak Park,Townhouse,0,7.2,8.0,1
395500.0,2567.0,5,3.0,10,3498.0,2,1,Elm Street,Colonial,0,9.0,7.0,1
429800.0,2525.0,4,3.0,38,2700.0,2,1,Oak Park,Contemporary,0,2.4,6.0,0
211500.0,1340.0,2,2.0,25,3089.0,3,1,Industrial Quarter,Ranch,0,9.4,9.0,0
240600.0,1863.0,3,1.0,20,1422.0,1,2,Elm Street,Contemporary,0,6.6,3.0,0
278100.0,1797.0,4,3.0,24,2446.0,2,1,Elm Street,Contemporary,0,2.3,8.0,0
123600.0,620.0,1,1.0,12,800.0,2,2,Maple Grove,Townhouse,0,3.6,5.0,1
616700.0,2622.0,4,3.0,1,4113.0,1,1,Riverside Heights,Ranch,0,8.3,6.0,0
563000.0,2872.0,5,3.0,7,4945.0,2,2,Sunset Hills,Townhouse,0,14.4,4.0,0
192000.0,898.0,1,1.0,37,800.0,1,1,Riverside Heights,Craftsman,0,0.3,6.0,0
474700.0,1792.0,3,1.0,21,2437.0,2,2,Downtown Loft District,Craftsman,0,2.1,2.0,0
377400.0,2813.0,5,4.0,63,3979.0,3,2,Oak Park,Townhouse,0,15.4,4.0,0
325800.0,1911.0,2,1.0,10,800.0,1,1,Oak Park,Contemporary,0,2.1,6.0,0
395400.0,1828.0,4,3.0,9,1621.0,2,1,Oak Park,Colonial,0,16.0,7.0,0
710100.0,2400.0,4,2.0,26,2539.0,3,2,Downtown Loft District,Townhouse,0,1.7,9.0,1
238100.0,970.0,1,1.0,3,800.0,0,2,Sunset Hills,Townhouse,0,1.0,8.0,0
211500.0,1674.0,3,2.0,59,3522.0,1,1,Industrial Quarter,Townhouse,0,3.9,7.0,1
321200.0,1720.0,3,3.0,9,2056.0,3,3,Elm Street,Ranch,0,7.0,8.0,0
397700.0,1480.0,3,3.0,4,1257.0,2,2,Riverside Heights,Craftsman,1,2.1,6.0,0
366500.0,1561.0,2,1.0,2,1940.0,3,2,Riverside Heights,Ranch,0,19.5,8.0,0
536400.0,2241.0,4,4.0,5,2784.0,2,2,Downtown Loft District,Colonial,0,17.3,7.0,1
181300.0,687.0,3,2.0,16,1143.0,3,3,Maple Grove,Craftsman,0,11.7,4.0,0
442800.0,1902.0,5,3.0,36,2478.0,0,1,Riverside Heights,Craftsman,0,2.2,4.0,0
248100.0,1047.0,2,1.0,9,1006.0,3,2,Sunset Hills,Ranch,0,3.3,10.0,1
458800.0,2404.0,5,4.0,2,2911.0,2,1,Maple Grove,Townhouse,1,12.7,7.0,0
756600.0,3077.0,5,4.0,12,4075.0,2,3,Riverside Heights,Contemporary,0,9.6,8.0,1
322400.0,1177.0,2,2.0,1,1638.0,3,3,Oak Park,Colonial,0,7.1,6.0,0
211400.0,1332.0,2,2.0,5,1612.0,1,1,Elm Street,Craftsman,1,7.6,5.0,0
307900.0,1533.0,4,3.0,20,2620.0,3,2,Oak Park,Ranch,0,11.3,7.0,0
283100.0,2063.0,3,2.0,30,3615.0,2,2,Elm Street,Townhouse,0,2.7,7.0,0
328800.0,2882.0,4,2.0,10,3669.0,2,1,Industrial Quarter,Colonial,0,4.2,7.0,0
372700.0,1872.0,2,2.0,16,2718.0,2,1,Sunset Hills,Contemporary,1,4.2,7.0,0
476900.0,1871.0,4,4.0,23,3323.0,1,1,Sunset Hills,Craftsman,1,1.8,8.0,0
342500.0,1517.0,3,3.0,1,2759.0,2,1,Oak Park,Townhouse,1,9.3,,1
265100.0,943.0,2,1.0,13,2237.0,2,2,Lakeview,Contemporary,0,11.7,8.0,0
360500.0,2239.0,4,4.0,6,2031.0,2,2,Maple Grove,Contemporary,0,23.8,9.0,0
321100.0,1724.0,4,2.0,27,2430.0,2,2,Maple Grove,Ranch,1,4.1,5.0,0
312000.0,2109.0,5,3.0,8,3194.0,0,1,Maple Grove,Colonial,0,18.8,7.0,0
650100.0,2787.0,5,3.0,28,4562.0,2,2,Riverside Heights,Colonial,1,11.6,8.0,0
296000.0,1763.0,3,2.0,73,1656.0,2,1,Sunset Hills,Craftsman,0,0.9,5.0,0
399100.0,1680.0,3,2.0,37,2701.0,2,2,Lakeview,Colonial,0,2.9,6.0,0
435200.0,1733.0,3,,14,3810.0,1,1,Downtown Loft District,Colonial,0,3.4,6.0,0
457000.0,1715.0,4,4.0,17,2563.0,2,2,Lakeview,Townhouse,0,29.0,7.0,0
181600.0,593.0,1,1.0,14,800.0,0,2,Sunset Hills,Townhouse,0,1.3,,0
194300.0,1398.0,1,2.0,24,2397.0,2,2,Elm Street,Ranch,0,6.0,8.0,1
415600.0,2562.0,5,4.0,3,3238.0,1,1,Industrial Quarter,Colonial,0,1.8,8.0,1
328300.0,1471.0,2,2.0,12,2210.0,2,2,Oak Park,Ranch,0,8.3,6.0,0
448700.0,2094.0,3,2.0,66,1829.0,1,2,Riverside Heights,Ranch,0,1.7,7.0,1
228000.0,1116.0,2,2.0,12,1325.0,0,1,Maple Grove,Colonial,0,1.5,7.0,0
449400.0,2902.0,5,4.0,23,3908.0,2,2,Maple Grove,Ranch,1,19.9,7.0,0
514800.0,3657.0,7,4.0,10,6164.0,2,1,Industrial Quarter,Colonial,0,2.7,7.0,0
343900.0,1898.0,3,3.0,74,2546.0,1,2,Sunset Hills,Contemporary,1,20.2,7.0,0
249300.0,1834.0,4,3.0,38,3488.0,2,1,Industrial Quarter,Colonial,0,4.5,5.0,0
193700.0,1206.0,2,1.0,11,1098.0,0,1,Sunset Hills,Contemporary,0,17.4,3.0,1
194500.0,563.0,1,1.0,38,1884.0,2,2,Downtown Loft District,Colonial,1,0.5,7.0,1
228700.0,1509.0,3,2.0,15,3019.0,0,1,Industrial Quarter,Contemporary,0,6.9,8.0,0
323200.0,2114.0,5,3.0,14,4197.0,1,2,Elm Street,Contemporary,0,2.4,8.0,0
274000.0,1666.0,2,2.0,10,2436.0,2,1,Elm Street,Ranch,0,7.1,7.0,1
322400.0,1407.0,3,2.0,32,2781.0,2,1,Lakeview,Contemporary,0,1.0,9.0,1
255500.0,1613.0,4,3.0,27,3292.0,1,2,Industrial Quarter,Townhouse,0,9.7,10.0,1
352900.0,1949.0,4,3.0,3,2990.0,2,1,Oak Park,Contemporary,0,9.9,8.0,0
411800.0,1744.0,3,3.0,14,4003.0,2,2,Lakeview,Craftsman,0,26.8,7.0,1
427700.0,2531.0,4,4.0,2,2117.0,2,1,Oak Park,Colonial,0,1.8,6.0,0
200300.0,1206.0,2,2.0,18,876.0,1,1,Industrial Quarter,Contemporary,0,9.6,,1
192700.0,1422.0,2,1.0,21,1129.0,2,2,Elm Street,Townhouse,0,0.7,2.0,0
128500.0,628.0,1,1.0,17,2347.0,0,1,Maple Grove,Townhouse,0,0.4,6.0,0
334100.0,1526.0,3,3.0,26,1949.0,1,2,Lakeview,Contemporary,0,8.0,3.0,0
367400.0,2366.0,5,3.0,10,3250.0,2,2,Elm Street,Ranch,0,6.8,7.0,0
306900.0,1360.0,2,,2,2712.0,2,2,Maple Grove,Colonial,0,0.3,10.0,1
407700.0,2144.0,4,2.0,0,2817.0,2,3,Maple Grove,Craftsman,0,3.0,8.0,1
187600.0,741.0,1,1.0,28,800.0,2,1,Sunset Hills,Ranch,0,3.9,7.0,0
308500.0,1281.0,3,2.0,20,1998.0,1,1,Oak Park,Contemporary,0,7.6,9.0,0
317800.0,1974.0,4,3.0,47,2859.0,2,2,Oak Park,Ranch,0,42.4,6.0,0
438100.0,2417.0,4,4.0,24,3653.0,2,1,Sunset Hills,Colonial,1,5.8,4.0,0
253400.0,989.0,3,3.0,1,1894.0,2,1,Oak Park,Craftsman,0,10.0,9.0,1
336100.0,1405.0,4,3.0,15,1224.0,1,1,Sunset Hills,Townhouse,0,7.5,8.0,0
320200.0,1761.0,3,3.0,1,2280.0,1,1,Oak Park,Craftsman,0,37.3,7.0,1
254100.0,1723.0,2,2.0,13,1732.0,0,3,Industrial Quarter,Ranch,0,4.9,7.0,1
493800.0,1559.0,4,3.0,23,2435.0,2,2,Downtown Loft District,Colonial,0,2.8,5.0,0
468800.0,1896.0,4,3.0,16,2768.0,1,2,Downtown Loft District,Ranch,0,7.0,9.0,0
86800.0,500.0,1,1.0,24,800.0,2,1,Industrial Quarter,Townhouse,0,0.7,6.0,0
332400.0,1507.0,2,2.0,20,1965.0,2,2,Sunset Hills,Contemporary,0,7.4,6.0,1
288200.0,2510.0,4,3.0,53,3191.0,2,1,Industrial Quarter,Craftsman,0,13.1,7.0,1
205300.0,1087.0,2,1.0,2,1861.0,0,1,Elm Street,Craftsman,0,1.2,8.0,0
410200.0,1665.0,4,2.0,7,830.0,2,1,Riverside Heights,Contemporary,0,15.1,4.0,0
460200.0,2536.0,5,4.0,16,3794.0,1,2,Maple Grove,Contemporary,0,4.4,8.0,0
330700.0,1831.0,4,3.0,15,3008.0,0,2,Maple Grove,Craftsman,0,0.6,5.0,0
277200.0,874.0,2,2.0,2,2204.0,3,2,Lakeview,Contemporary,0,5.3,8.0,0
244200.0,1034.0,2,2.0,9,1196.0,1,1,Lakeview,Ranch,0,2.6,10.0,0
357000.0,1530.0,4,3.0,17,2043.0,2,1,Lakeview,Craftsman,0,2.1,6.0,0
193100.0,759.0,2,1.0,8,1070.0,2,2,Sunset Hills,Townhouse,0,0.8,6.0,0
181200.0,603.0,1,1.0,28,1150.0,2,1,Downtown Loft District,Townhouse,0,2.4,7.0,0
337200.0,1086.0,2,1.0,3,1368.0,2,2,Lakeview,Contemporary,1,8.4,9.0,0
250600.0,1191.0,2,2.0,1,2223.0,2,2,Maple Grove,Craftsman,0,7.7,,1
464000.0,2230.0,4,5.0,3,3181.0,2,2,Oak Park,Craftsman,0,2.9,6.0,0
211400.0,1478.0,2,2.0,26,1344.0,3,1,Industrial Quarter,Ranch,0,0.3,6.0,1
373200.0,2448.0,5,3.0,0,2594.0,2,3,Elm Street,Townhouse,0,1.9,7.0,1
200400.0,982.0,2,2.0,4,1712.0,1,3,Sunset Hills,Townhouse,0,1.0,2.0,1
195100.0,1331.0,3,3.0,59,2315.0,2,2,Maple Grove,Townhouse,0,6.4,5.0,0
171000.0,1635.0,2,2.0,118,2380.0,1,1,Elm Street,Colonial,0,0.3,7.0,0
260500.0,1534.0,3,3.0,7,1427.0,0,2,Maple Grove,Townhouse,0,10.1,6.0,0
279700.0,1146.0,3,3.0,26,997.0,1,2,Oak Park,Craftsman,1,9.1,5.0,0
309100.0,1760.0,2,1.0,7,2254.0,2,2,Oak Park,Townhouse,0,8.8,,1
137900.0,500.0,1,1.0,5,800.0,2,2,Oak Park,Contemporary,0,7.3,6.0,0
464600.0,2569.0,5,4.0,0,2791.0,3,2,Elm Street,Contemporary,0,2.8,5.0,0
613800.0,3229.0,6,5.0,30,4361.0,2,2,Lakeview,Contemporary,0,11.2,5.0,0
309200.0,1274.0,1,2.0,12,3122.0,2,1,Riverside Heights,Townhouse,1,10.5,3.0,1
448100.0,1864.0,4,3.0,50,1794.0,2,1,Downtown Loft District,Craftsman,0,8.0,,0
307800.0,1926.0,3,3.0,75,2752.0,3,2,Oak Park,Colonial,0,6.3,6.0,0
318000.0,1568.0,4,3.0,53,1530.0,2,2,Maple Grove,Townhouse,0,1.8,10.0,1
414200.0,1909.0,4,3.0,28,2636.0,2,2,Lakeview,Colonial,0,22.0,7.0,0
608100.0,2253.0,5,5.0,3,2677.0,2,2,Riverside Heights,Townhouse,0,0.3,5.0,0
350400.0,2103.0,4,3.0,15,2212.0,2,2,Industrial Quarter,Townhouse,0,0.7,8.0,1
318400.0,1351.0,2,1.0,4,969.0,2,1,Lakeview,Colonial,0,6.5,4.0,0
273100.0,2023.0,3,2.0,17,2514.0,2,2,Industrial Quarter,Contemporary,0,11.9,8.0,1
129100.0,500.0,1,1.0,3,800.0,2,2,Lakeview,Colonial,0,8.8,5.0,0
233900.0,1404.0,2,1.0,44,1022.0,2,2,Oak Park,Contemporary,0,1.7,6.0,1
160500.0,989.0,2,1.0,15,2216.0,2,3,Industrial Quarter,Ranch,1,5.6,5.0,1
585200.0,2339.0,4,3.0,9,4567.0,1,2,Lakeview,Townhouse,0,5.2,5.0,0
109800.0,500.0,1,1.0,26,800.0,3,2,Industrial Quarter,Colonial,0,0.3,6.0,0
294100.0,1428.0,3,1.0,1,1047.0,2,2,Oak Park,Colonial,0,7.2,10.0,0
251400.0,1704.0,3,2.0,7,1158.0,0,1,Industrial Quarter,Ranch,0,0.7,5.0,0
154400.0,967.0,2,1.0,33,1403.0,3,2,Maple Grove,Colonial,0,22.1,6.0,0
654700.0,2781.0,4,2.0,9,4566.0,3,2,Sunset Hills,Townhouse,0,0.3,,1
437800.0,2126.0,4,3.0,1,1656.0,2,2,Oak Park,Townhouse,0,14.5,5.0,1
295000.0,1030.0,3,3.0,3,2655.0,1,1,Oak Park,Townhouse,0,1.8,8.0,1
283800.0,1855.0,3,2.0,4,2013.0,2,1,Industrial Quarter,Ranch,0,16.8,8.0,0
214200.0,1670.0,2,2.0,52,2437.0,0,2,Elm Street,Craftsman,0,7.4,7.0,0
354400.0,1504.0,2,1.0,9,2038.0,2,2,Lakeview,Contemporary,0,0.3,6.0,0
256600.0,1312.0,2,1.0,6,1830.0,1,3,Maple Grove,Townhouse,0,1.7,9.0,0
608000.0,2266.0,3,1.0,3,2544.0,0,1,Downtown Loft District,Colonial,0,0.3,4.0,0
541900.0,2262.0,4,3.0,5,3503.0,2,1,Downtown Loft District,Colonial,0,0.3,6.0,0
560400.0,2208.0,5,3.0,2,3832.0,2,1,Lakeview,Contemporary,0,13.9,6.0,0
196500.0,1347.0,2,2.0,16,2386.0,1,1,Elm Street,Colonial,0,20.2,5.0,1
403100.0,1821.0,3,2.0,8,2945.0,2,1,Sunset Hills,Contemporary,0,6.4,4.0,0
438400.0,1966.0,3,4.0,0,1920.0,2,1,Riverside Heights,Townhouse,0,0.6,4.0,1
271800.0,1985.0,4,3.0,13,2416.0,0,1,Industrial Quarter,Contemporary,0,7.2,7.0,1
249700.0,1821.0,4,3.0,93,3019.0,2,1,Oak Park,Townhouse,0,25.9,3.0,0
213300.0,1188.0,2,2.0,42,1645.0,2,2,Maple Grove,Contemporary,0,9.7,10.0,1
441900.0,1778.0,2,1.0,50,3369.0,1,2,Lakeview,Contemporary,1,1.1,9.0,0
479100.0,2947.0,6,,10,4055.0,1,3,Elm Street,Ranch,0,10.1,5.0,0
294200.0,1544.0,3,2.0,1,1175.0,2,2,Elm Street,Contemporary,0,5.9,8.0,0
303600.0,1716.0,2,1.0,4,2390.0,0,1,Maple Grove,Ranch,0,0.3,7.0,1
402400.0,1961.0,4,3.0,0,2245.0,1,1,Sunset Hills,Craftsman,0,7.4,7.0,0
231600.0,743.0,1,1.0,5,1234.0,2,1,Sunset Hills,Contemporary,1,5.3,8.0,0
299900.0,1912.0,4,3.0,4,3221.0,2,1,Industrial Quarter,Craftsman,0,0.3,4.0,0
373000.0,1995.0,5,4.0,18,2038.0,2,1,Elm Street,Contemporary,0,11.5,8.0,1
156700.0,873.0,2,2.0,18,1663.0,0,3,Maple Grove,Ranch,0,1.8,4.0,0
347300.0,1638.0,2,1.0,2,1171.0,1,1,Lakeview,Contemporary,0,3.6,,0
398200.0,1589.0,4,4.0,0,1453.0,0,1,Oak Park,Townhouse,1,7.0,5.0,1
168900.0,950.0,2,2.0,34,1419.0,3,1,Industrial Quarter,Craftsman,0,1.8,7.0,0
351500.0,1394.0,3,1.0,3,2323.0,2,1,Riverside Heights,Ranch,0,3.1,6.0,0
179900.0,795.0,2,2.0,1,1457.0,0,1,Maple Grove,Colonial,0,2.2,6.0,1
300900.0,1980.0,3,3.0,43,3157.0,3,2,Industrial Quarter,Colonial,0,0.3,9.0,0
498800.0,1868.0,4,3.0,19,860.0,2,2,Downtown Loft District,Townhouse,1,13.9,5.0,1
226000.0,1136.0,1,1.0,10,1224.0,3,1,Maple Grove,Contemporary,0,3.5,8.0,0
643100.0,2655.0,5,5.0,32,3825.0,3,1,Downtown Loft District,Ranch,0,17.4,5.0,0
356700.0,1929.0,4,3.0,9,2954.0,1,2,Lakeview,Colonial,0,16.5,4.0,0
117100.0,500.0,2,2.0,17,950.0,2,2,Maple Grove,Townhouse,0,3.0,2.0,0
374300.0,2541.0,3,2.0,17,2205.0,3,3,Elm Street,Townhouse,0,13.4,9.0,0
319900.0,1465.0,2,1.0,18,2885.0,1,1,Sunset Hills,Craftsman,0,2.8,10.0,0
314300.0,1993.0,3,1.0,41,2928.0,1,2,Sunset Hills,Ranch,0,12.7,8.0,0
252600.0,1322.0,4,3.0,21,910.0,2,2,Elm Street,Colonial,0,4.6,5.0,0
592400.0,2486.0,5,4.0,1,3398.0,2,3,Sunset Hills,Ranch,0,0.8,6.0,1
556000.0,2311.0,5,4.0,6,4636.0,1,1,Sunset Hills,Townhouse,0,4.7,8.0,0
146800.0,1255.0,2,2.0,53,2293.0,2,1,Elm Street,Craftsman,0,45.0,9.0,1
407400.0,2316.0,4,3.0,7,4178.0,1,1,Maple Grove,Craftsman,1,3.2,7.0,0
259900.0,,3,1.0,14,2259.0,2,3,Elm Street,Contemporary,0,5.3,8.0,0
816400.0,3300.0,7,6.0,5,4191.0,0,3,Riverside Heights,Craftsman,0,7.2,4.0,0
260000.0,1420.0,2,2.0,4,1097.0,1,2,Maple Grove,Contemporary,0,8.3,9.0,1
205000.0,1359.0,3,1.0,23,1120.0,1,2,Industrial Quarter,Townhouse,0,2.2,8.0,0
